INDEX,TARGET,,,
3,2.12705376,,Zeeshan Latifi,
9,3.964044725,,Mean,3.064251131
10,2.368084242,,Minimum,0.055672618
18,2.507930146,,Maximum,7.987104666
21,0.600579912,,,
30,5.816025341,,,
31,3.609943624,,,
37,1.321651293,,,
39,0.197627922,,,
47,1.653483907,,,
60,2.539543092,,,
62,0.404798711,,,
63,3.709422433,,,
64,1.59007918,,,
68,1.533117007,,,
75,2.920653762,,,
76,2.574026258,,,
83,0.076777812,,,
87,3.54325409,,,
92,5.556292461,,,
98,2.301183157,,,
106,1.449556579,,,
107,0.475809142,,,
113,2.438089297,,,
120,3.563930271,,,
123,5.957704163,,,
125,2.826616756,,,
126,6.152329028,,,
128,4.570861315,,,
129,2.541585323,,,
131,4.195118358,,,
135,1.358365774,,,
141,4.019827893,,,
147,3.172845001,,,
148,1.631386982,,,
151,3.71427198,,,
156,3.003161046,,,
157,3.234368977,,,
174,1.688423494,,,
186,0.595003601,,,
193,2.328760912,,,
195,1.636944089,,,
212,0.471133575,,,
213,1.156631045,,,
217,3.044250457,,,
223,3.631276889,,,
226,3.115621935,,,
228,4.701813876,,,
230,3.927530822,,,
241,2.469375209,,,
243,3.815016619,,,
249,1.395010416,,,
281,4.173540907,,,
288,0.208769333,,,
294,1.935910319,,,
295,2.079518825,,,
300,5.746822793,,,
302,4.418837128,,,
303,1.77124762,,,
308,1.668368299,,,
319,4.819241349,,,
320,1.44108755,,,
324,2.820030425,,,
331,2.719723611,,,
343,3.12571357,,,
347,2.534429086,,,
348,3.484565376,,,
350,4.816248414,,,
357,1.02290013,,,
358,3.57430669,,,
360,4.259744934,,,
366,3.665996265,,,
367,2.441233351,,,
368,4.850267959,,,
376,1.92649599,,,
380,3.151900127,,,
388,0.588258729,,,
396,4.55648528,,,
398,4.605412098,,,
403,4.110368717,,,
410,1.873885228,,,
412,0.952532143,,,
420,2.20271398,,,
434,2.49734762,,,
440,2.81305692,,,
450,3.493050874,,,
453,2.387511135,,,
464,4.644205683,,,
465,4.510882415,,,
466,4.845187253,,,
473,2.286336163,,,
476,1.74335882,,,
478,1.56155424,,,
479,3.194858017,,,
493,2.509694314,,,
497,2.98477853,,,
503,3.628015277,,,
504,3.492696857,,,
505,2.194858696,,,
507,0.143175789,,,
513,2.491603578,,,
519,2.481395388,,,
521,3.759297548,,,
522,3.840618685,,,
545,2.790193554,,,
549,1.881789996,,,
551,1.01992019,,,
556,7.088103944,,,
557,6.235959144,,,
559,1.423136086,,,
560,2.485881741,,,
566,3.518374983,,,
569,4.569838495,,,
573,2.461549764,,,
578,1.221482866,,,
579,5.472388143,,,
582,5.150217144,,,
596,4.214198951,,,
598,1.922973284,,,
599,1.287991912,,,
602,2.782224114,,,
605,1.890216473,,,
617,2.672551982,,,
619,5.941074538,,,
630,3.641241531,,,
634,3.682246013,,,
643,2.129996731,,,
645,0.923550716,,,
647,4.736250097,,,
649,2.45939269,,,
656,3.594745614,,,
657,4.838532648,,,
658,2.905159903,,,
667,3.329616665,,,
692,3.220456087,,,
693,4.036840754,,,
698,0.143025628,,,
699,3.674191996,,,
700,6.710190355,,,
704,2.965880431,,,
707,3.114158234,,,
708,4.932294833,,,
709,3.140215917,,,
713,0.476075707,,,
714,2.784031254,,,
716,2.187172932,,,
718,3.852399673,,,
722,4.183672511,,,
729,6.562757611,,,
731,1.942051296,,,
733,3.723407635,,,
746,3.16109353,,,
747,3.483644082,,,
748,1.409511125,,,
753,1.215591205,,,
757,1.625348395,,,
763,3.039187023,,,
767,5.554991639,,,
774,2.926158915,,,
776,0.459877091,,,
788,0.652229848,,,
794,3.655947219,,,
799,1.725157071,,,
803,4.011085418,,,
806,4.156174452,,,
807,3.497411329,,,
811,4.251062772,,,
816,6.37831675,,,
818,3.657213951,,,
819,1.496093581,,,
831,5.585404515,,,
835,5.112942999,,,
837,1.561976373,,,
841,1.607773904,,,
846,1.631880228,,,
856,5.468931966,,,
861,4.437875115,,,
862,0.484684453,,,
863,2.729815183,,,
865,3.633909994,,,
871,2.435045122,,,
879,0.954448065,,,
880,2.409965592,,,
881,3.681750246,,,
885,3.661813419,,,
887,2.824643393,,,
892,0.715740635,,,
898,3.660585456,,,
900,1.594164273,,,
904,0.959690329,,,
906,5.291430552,,,
910,3.914355371,,,
912,3.907701831,,,
913,2.522548053,,,
919,4.516052641,,,
924,1.4277324,,,
925,3.134429481,,,
930,2.985793783,,,
940,1.99697282,,,
941,3.880145961,,,
946,0.224461267,,,
949,5.280081198,,,
951,1.47812749,,,
962,3.94025264,,,
966,2.5142663,,,
967,4.718929038,,,
971,1.026788551,,,
981,3.008971745,,,
982,3.006869467,,,
983,1.079832556,,,
984,2.094218593,,,
989,2.227098498,,,
990,4.580707594,,,
992,3.079350982,,,
995,5.550864285,,,
996,1.832542688,,,
998,1.280593403,,,
1001,3.534779728,,,
1007,1.295937707,,,
1008,2.5462799,,,
1016,2.568256302,,,
1022,2.670430799,,,
1027,5.379726724,,,
1032,0.939411856,,,
1033,3.839036053,,,
1041,4.577611282,,,
1065,1.259225649,,,
1074,1.65582653,,,
1075,0.699193939,,,
1081,1.564735051,,,
1094,4.148103513,,,
1099,2.806211068,,,
1105,2.714141774,,,
1123,1.321043874,,,
1135,1.379016365,,,
1142,2.222998281,,,
1155,2.217111724,,,
1169,2.729370694,,,
1176,3.612649147,,,
1178,3.715135786,,,
1180,3.530601376,,,
1184,0.318226185,,,
1185,1.805237755,,,
1193,0.463423111,,,
1196,1.647304829,,,
1199,1.719637616,,,
1203,2.53254422,,,
1205,2.641183157,,,
1207,2.655325117,,,
1208,1.93629211,,,
1212,0.807936113,,,
1213,1.240231731,,,
1222,1.4217564,,,
1223,1.981993981,,,
1226,4.246636667,,,
1227,6.551547278,,,
1229,1.883344425,,,
1230,4.340564117,,,
1231,2.766652092,,,
1241,1.150945938,,,
1243,3.909027788,,,
1244,5.612823589,,,
1246,4.316639141,,,
1248,2.657808532,,,
1249,3.769260252,,,
1252,3.452280697,,,
1261,3.945196012,,,
1275,3.222505515,,,
1281,1.792775006,,,
1285,4.126153013,,,
1288,1.072993198,,,
1290,3.685497607,,,
1291,1.217962751,,,
1304,4.461416786,,,
1305,2.68350607,,,
1323,4.489085914,,,
1342,1.066968009,,,
1348,2.545210698,,,
1353,3.787815048,,,
1363,3.046738979,,,
1371,3.862999357,,,
1372,1.145353082,,,
1378,0.606606048,,,
1381,3.781796552,,,
1382,4.287120293,,,
1393,4.499798689,,,
1394,5.142601408,,,
1398,6.326791889,,,
1404,3.498312732,,,
1405,3.666340887,,,
1419,1.605313569,,,
1421,2.359337781,,,
1426,1.580294572,,,
1431,1.39665149,,,
1435,2.905677093,,,
1437,1.7475319,,,
1438,1.3962303,,,
1442,1.378311292,,,
1464,1.383385092,,,
1471,2.493946132,,,
1473,4.597760485,,,
1476,2.622437396,,,
1478,2.476541886,,,
1479,3.921035351,,,
1487,5.469974428,,,
1492,4.397031383,,,
1496,3.02074384,,,
1497,0.722158001,,,
1515,3.361540553,,,
1519,1.097887557,,,
1522,2.784983504,,,
1526,4.097402324,,,
1537,2.689660507,,,
1538,4.22138153,,,
1540,2.123706721,,,
1543,3.798424715,,,
1548,1.313378005,,,
1549,1.470736517,,,
1556,2.902711688,,,
1564,1.48096426,,,
1570,3.310536876,,,
1577,2.065480785,,,
1585,3.867431768,,,
1590,4.487304478,,,
1592,1.806822385,,,
1594,1.052129062,,,
1596,7.482074205,,,
1598,4.83230498,,,
1603,2.193397096,,,
1607,1.112360768,,,
1612,5.859938916,,,
1627,4.677536847,,,
1629,3.78269946,,,
1630,3.135379597,,,
1640,5.494055181,,,
1641,4.139571225,,,
1646,3.868886159,,,
1662,0.408474953,,,
1668,0.854785835,,,
1671,0.200037765,,,
1672,4.178537195,,,
1673,6.115681934,,,
1686,3.91818271,,,
1688,4.080076788,,,
1696,3.376749892,,,
1701,4.687520039,,,
1707,3.905316832,,,
1708,3.532312733,,,
1713,3.604664406,,,
1715,3.248405396,,,
1717,2.870534392,,,
1721,3.087029312,,,
1724,3.034878333,,,
1725,3.078179178,,,
1730,3.779440671,,,
1731,4.020755084,,,
1734,2.325129085,,,
1740,3.735602253,,,
1748,3.201278598,,,
1749,4.098774034,,,
1750,5.757808199,,,
1763,3.094669495,,,
1768,4.395044147,,,
1773,2.067998452,,,
1777,1.191234149,,,
1778,0.23396426,,,
1780,3.307796851,,,
1782,0.432218322,,,
1784,4.914933446,,,
1786,3.52182219,,,
1787,4.856397453,,,
1792,0.582647257,,,
1800,2.709059533,,,
1801,2.838514368,,,
1803,2.402818922,,,
1804,3.181580344,,,
1807,2.485274174,,,
1818,6.413869017,,,
1821,3.751742838,,,
1822,4.26203697,,,
1828,2.850014829,,,
1833,3.830597374,,,
1844,4.03769604,,,
1847,3.298966073,,,
1850,2.601105033,,,
1854,3.585362522,,,
1858,4.886322866,,,
1864,3.894596953,,,
1867,1.143759113,,,
1876,2.820357595,,,
1880,1.031653581,,,
1881,1.674041704,,,
1891,2.888836871,,,
1894,3.140932321,,,
1895,4.359635105,,,
1901,1.977892045,,,
1905,4.659391095,,,
1912,6.312655238,,,
1918,2.963372203,,,
1921,3.578141525,,,
1923,3.017685966,,,
1924,1.621173701,,,
1931,2.088625627,,,
1941,4.04618144,,,
1950,1.752293105,,,
1951,4.270223254,,,
1954,4.833815733,,,
1961,3.496902642,,,
1966,3.766769987,,,
1979,3.658290296,,,
1982,0.839707855,,,
1987,2.824223031,,,
1997,2.777887673,,,
2004,3.888037358,,,
2011,4.426714088,,,
2015,3.53756863,,,
2025,7.783104655,,,
2033,0.912763973,,,
2034,4.799451299,,,
2035,1.818731416,,,
2036,1.881629127,,,
2053,2.716189513,,,
2059,2.995512589,,,
2060,2.038394468,,,
2073,3.069947413,,,
2084,2.711078517,,,
2089,3.19328813,,,
2092,1.84678086,,,
2109,4.828333338,,,
2129,4.72042025,,,
2134,6.064494447,,,
2135,5.024530979,,,
2148,3.115482086,,,
2149,0.593528741,,,
2150,2.416608195,,,
2165,2.504777757,,,
2166,2.944557266,,,
2168,4.204848971,,,
2170,1.393142395,,,
2171,2.454366463,,,
2172,2.090021742,,,
2176,5.186240272,,,
2182,2.976808558,,,
2189,1.898901382,,,
2191,5.00752212,,,
2197,3.363283562,,,
2202,0.391789271,,,
2203,3.540009417,,,
2204,0.291407247,,,
2206,4.552686239,,,
2218,2.149605713,,,
2219,3.592620486,,,
2221,1.369495652,,,
2226,0.598582499,,,
2228,2.865760859,,,
2232,3.64066115,,,
2236,0.295150447,,,
2241,2.402562455,,,
2245,5.351111524,,,
2251,3.313812582,,,
2255,5.185583375,,,
2256,3.949873998,,,
2259,1.096192759,,,
2263,3.696499568,,,
2264,3.676464017,,,
2267,0.84126,,,
2273,2.069707677,,,
2277,4.48385015,,,
2287,3.811518023,,,
2289,3.16003549,,,
2291,1.199451554,,,
2296,2.005038506,,,
2299,2.073625601,,,
2306,2.962639638,,,
2314,0.43154595,,,
2317,2.631597371,,,
2318,3.973181456,,,
2321,4.26305236,,,
2324,4.706309251,,,
2340,2.866242531,,,
2343,2.299711661,,,
2349,1.042909596,,,
2352,5.362417628,,,
2353,1.357141723,,,
2365,1.737576389,,,
2370,1.818315064,,,
2378,3.067124954,,,
2390,0.652699044,,,
2399,1.628335886,,,
2402,1.676397445,,,
2403,0.73222588,,,
2404,1.80311658,,,
2414,5.471021244,,,
2422,3.718735737,,,
2424,0.849293524,,,
2430,3.676959968,,,
2435,2.947648902,,,
2439,1.709339667,,,
2442,4.938748042,,,
2445,3.927492701,,,
2449,2.117950498,,,
2451,0.765053282,,,
2461,2.016737155,,,
2464,3.839101081,,,
2465,3.578538591,,,
2472,2.981208096,,,
2476,2.376637162,,,
2482,3.216664962,,,
2487,5.132682891,,,
2498,4.561919319,,,
2501,3.768790545,,,
2504,2.777212086,,,
2511,0.308944665,,,
2518,5.121155905,,,
2521,5.413871747,,,
2530,2.979919737,,,
2543,4.836289304,,,
2545,4.345416821,,,
2561,3.474402023,,,
2566,3.498578901,,,
2572,2.729943744,,,
2577,3.602880672,,,
2578,2.117858189,,,
2580,1.684448009,,,
2581,4.27164772,,,
2582,4.429110689,,,
2584,2.935144404,,,
2590,4.178827111,,,
2598,2.90683018,,,
2602,1.439768685,,,
2605,5.033188274,,,
2616,3.77516121,,,
2618,3.505454252,,,
2619,1.82180866,,,
2624,4.843312205,,,
2632,1.513353031,,,
2640,3.65102906,,,
2646,4.484808936,,,
2651,1.325782062,,,
2660,1.479237687,,,
2661,3.696292083,,,
2668,1.194494831,,,
2670,1.489326067,,,
2680,2.676343017,,,
2681,3.113523954,,,
2689,1.29167847,,,
2694,6.02413145,,,
2695,1.757004236,,,
2696,2.819379632,,,
2702,2.608466127,,,
2704,3.77043202,,,
2708,5.386940217,,,
2709,2.740725133,,,
2714,4.08263802,,,
2716,2.659351416,,,
2723,0.657981866,,,
2725,3.038226202,,,
2738,0.055823655,,,
2750,3.783579591,,,
2756,1.628249977,,,
2758,4.18981702,,,
2766,2.783881069,,,
2767,0.610230973,,,
2771,2.252845087,,,
2775,3.631688844,,,
2776,2.912904158,,,
2779,1.534338295,,,
2780,2.853455689,,,
2781,1.522711088,,,
2782,4.218925136,,,
2783,3.651014337,,,
2796,3.769193421,,,
2798,4.88990493,,,
2800,3.35162916,,,
2803,7.292514451,,,
2806,5.543972809,,,
2813,2.972251115,,,
2818,1.783050443,,,
2821,5.220370581,,,
2825,4.31574328,,,
2829,2.054986915,,,
2830,3.128300782,,,
2833,3.825054849,,,
2839,1.23506629,,,
2843,4.513537146,,,
2846,4.503224094,,,
2847,3.344003041,,,
2848,5.717786262,,,
2856,3.340186759,,,
2863,0.551946392,,,
2867,5.220649788,,,
2869,3.568342357,,,
2873,4.338207485,,,
2874,3.637880167,,,
2875,2.972209353,,,
2880,1.377608939,,,
2886,3.374947669,,,
2887,3.451885528,,,
2888,3.399079523,,,
2889,2.4075498,,,
2890,1.387221162,,,
2892,1.943782403,,,
2901,3.054289326,,,
2902,1.504416851,,,
2905,1.999590114,,,
2917,1.458348086,,,
2922,2.525857205,,,
2924,3.357973727,,,
2930,0.491576446,,,
2931,5.337217895,,,
2946,1.7299528,,,
2955,3.608135986,,,
2962,2.664792746,,,
2964,0.735656721,,,
2965,0.299883402,,,
2967,5.545036509,,,
2970,6.223931499,,,
2973,6.693266502,,,
2974,1.528643864,,,
2976,1.387373911,,,
2977,1.87735171,,,
2978,0.395381292,,,
2986,4.432239353,,,
2988,5.373703456,,,
2989,1.36423027,,,
2995,3.932451639,,,
3005,4.939870757,,,
3011,4.859972789,,,
3013,3.230999429,,,
3019,3.525131176,,,
3021,2.138334307,,,
3022,5.297255429,,,
3029,1.500374003,,,
3037,3.64382869,,,
3042,2.327098153,,,
3043,3.931259313,,,
3049,3.948923539,,,
3050,5.821062309,,,
3053,1.1753685,,,
3058,1.272177383,,,
3062,1.294794096,,,
3063,4.055607639,,,
3065,1.641927906,,,
3080,2.535828107,,,
3088,0.679872014,,,
3093,1.290524094,,,
3096,5.576242562,,,
3101,5.616461207,,,
3103,1.40653501,,,
3107,6.839384183,,,
3109,4.214860532,,,
3111,5.700259911,,,
3113,4.582609101,,,
3116,4.931725721,,,
3132,3.106803457,,,
3141,5.157285852,,,
3153,0.954259523,,,
3154,0.77439063,,,
3160,1.07975098,,,
3167,2.139215014,,,
3170,3.22139032,,,
3173,2.663079336,,,
3174,3.69204698,,,
3177,5.503204274,,,
3179,3.822885739,,,
3184,0.920199493,,,
3190,2.845676641,,,
3193,4.250894878,,,
3199,3.981489206,,,
3201,1.246338245,,,
3202,2.698893546,,,
3203,2.865403963,,,
3206,2.99046635,,,
3209,2.824323961,,,
3210,2.031692809,,,
3217,4.264446986,,,
3220,4.122475877,,,
3228,2.567021671,,,
3232,3.034482267,,,
3239,0.694717139,,,
3243,3.78482931,,,
3245,3.095703404,,,
3246,4.51865216,,,
3251,4.382292131,,,
3253,4.646389798,,,
3257,3.859937245,,,
3260,1.090731047,,,
3261,3.71281391,,,
3263,5.284366451,,,
3278,3.689387169,,,
3281,3.151342781,,,
3283,5.335143728,,,
3290,2.466831981,,,
3297,3.463745925,,,
3304,3.602102234,,,
3305,2.955786324,,,
3307,5.54375568,,,
3308,2.572781789,,,
3313,2.55189685,,,
3314,3.125759097,,,
3317,0.614779016,,,
3348,0.480704975,,,
3350,2.500341065,,,
3359,4.025855977,,,
3367,3.86886361,,,
3376,3.140884556,,,
3378,3.018503264,,,
3384,1.097491362,,,
3386,2.7313218,,,
3387,3.8071481,,,
3388,2.941287258,,,
3390,4.556700435,,,
3391,1.23868525,,,
3396,0.055672618,,,
3398,3.717972293,,,
3404,4.772858518,,,
3406,2.001806658,,,
3407,3.764992065,,,
3414,4.823460688,,,
3419,2.816412306,,,
3423,2.544364273,,,
3427,3.193097027,,,
3432,0.245951722,,,
3434,2.896953921,,,
3438,0.537384291,,,
3442,0.66143615,,,
3443,0.94196816,,,
3448,0.266518518,,,
3456,2.995916864,,,
3464,5.795073384,,,
3470,1.055438119,,,
3475,3.728872719,,,
3477,3.617881509,,,
3490,2.499292934,,,
3493,3.794397229,,,
3502,2.809670011,,,
3508,4.03757961,,,
3516,1.781496709,,,
3517,5.055749588,,,
3525,3.200259104,,,
3532,3.603959247,,,
3535,3.777225897,,,
3536,4.715623827,,,
3540,2.967043088,,,
3547,2.96842186,,,
3550,3.395670429,,,
3557,2.412316294,,,
3562,1.335484118,,,
3563,3.005108296,,,
3564,1.420826654,,,
3570,3.156282967,,,
3573,2.145074535,,,
3577,2.580350759,,,
3579,3.115172602,,,
3581,1.120279854,,,
3587,3.736909942,,,
3602,3.325608933,,,
3609,3.653266198,,,
3612,4.029867617,,,
3621,2.572019024,,,
3642,1.677113332,,,
3647,1.175404667,,,
3649,3.198495587,,,
3654,1.980509718,,,
3660,4.709823535,,,
3665,4.335657906,,,
3669,3.554266884,,,
3673,3.789947387,,,
3675,1.612492779,,,
3678,3.80983411,,,
3680,3.47206942,,,
3686,6.251635373,,,
3693,5.031636591,,,
3710,2.869044417,,,
3713,4.188212724,,,
3718,5.259481817,,,
3725,3.036161083,,,
3726,2.524605032,,,
3747,2.640340858,,,
3753,1.258368914,,,
3754,4.707870038,,,
3760,4.720794406,,,
3763,2.503214105,,,
3765,3.97785007,,,
3769,4.632629085,,,
3771,3.62782383,,,
3784,1.779063312,,,
3787,4.338479835,,,
3794,1.461734704,,,
3796,3.725318445,,,
3798,4.595695728,,,
3809,3.698819339,,,
3812,5.181568163,,,
3819,1.624214706,,,
3828,4.323356646,,,
3831,5.22027857,,,
3833,3.358947406,,,
3837,4.957061778,,,
3839,0.649493812,,,
3843,2.097215144,,,
3846,3.820259421,,,
3854,5.156097163,,,
3861,0.641608231,,,
3864,3.781816609,,,
3868,3.374073151,,,
3869,5.235560154,,,
3870,3.002630078,,,
3883,2.739075221,,,
3886,2.93455778,,,
3889,3.578643753,,,
3894,0.86033728,,,
3907,2.386764718,,,
3910,3.633119579,,,
3913,1.347545722,,,
3914,3.102059675,,,
3921,6.371801285,,,
3923,0.80384097,,,
3929,2.240227185,,,
3931,1.826518623,,,
3932,5.327403714,,,
3937,0.258762889,,,
3943,2.480361202,,,
3956,4.394279209,,,
3957,2.931765028,,,
3961,5.708250738,,,
3971,3.564302638,,,
4004,1.379634226,,,
4005,2.881981025,,,
4006,4.166842231,,,
4011,2.804331636,,,
4013,5.006758305,,,
4014,6.857481677,,,
4016,0.527269075,,,
4017,5.247370451,,,
4020,3.373120976,,,
4022,3.57336131,,,
4026,0.351778874,,,
4032,1.372700139,,,
4043,2.226173854,,,
4045,2.797193056,,,
4048,5.380215357,,,
4051,5.195316141,,,
4052,3.509039844,,,
4056,2.762865863,,,
4059,1.293611033,,,
4069,5.041750264,,,
4074,3.753156716,,,
4076,2.760647117,,,
4077,1.866290034,,,
4079,0.885502426,,,
4081,3.666174176,,,
4088,2.208742037,,,
4105,3.71616329,,,
4125,3.73056611,,,
4134,2.981498904,,,
4139,1.799328766,,,
4146,2.229847383,,,
4149,3.868176423,,,
4151,0.144266933,,,
4155,2.843689509,,,
4157,2.070144729,,,
4168,5.211261131,,,
4170,2.426469767,,,
4174,2.415080595,,,
4179,5.410642785,,,
4185,3.811641243,,,
4199,0.74105476,,,
4205,1.135046628,,,
4208,3.26936932,,,
4211,2.247068914,,,
4212,0.304899081,,,
4215,3.177229153,,,
4217,2.875813894,,,
4219,1.969944663,,,
4226,3.936447878,,,
4227,2.928848791,,,
4229,1.436467546,,,
4231,1.650233805,,,
4233,1.698296067,,,
4237,2.439197241,,,
4243,4.76455529,,,
4248,4.140278743,,,
4255,5.530518146,,,
4262,2.646014187,,,
4266,1.150117292,,,
4268,1.293740148,,,
4270,2.463232547,,,
4273,1.194863094,,,
4276,4.572213446,,,
4277,3.58179311,,,
4279,2.179478937,,,
4299,4.007232681,,,
4313,1.072388877,,,
4322,3.9389564,,,
4324,1.448192325,,,
4328,2.859744764,,,
4331,2.77936197,,,
4335,1.8750787,,,
4337,3.836669677,,,
4338,1.307533485,,,
4343,1.701577951,,,
4347,2.007255067,,,
4355,3.652893687,,,
4357,2.457503576,,,
4359,5.979618677,,,
4362,2.149129472,,,
4368,2.551897192,,,
4374,5.28981494,,,
4375,5.270550256,,,
4378,3.535628192,,,
4381,1.882919069,,,
4387,4.464848652,,,
4400,2.572534741,,,
4423,4.262126481,,,
4424,3.031890442,,,
4428,4.013879327,,,
4433,6.886241583,,,
4436,1.960297996,,,
4437,1.150356216,,,
4439,5.761568891,,,
4449,3.821884118,,,
4456,3.611417877,,,
4463,5.491485435,,,
4467,2.568827694,,,
4468,1.910433051,,,
4469,2.552202649,,,
4472,3.595369858,,,
4473,4.142321722,,,
4476,2.769570195,,,
4500,2.597541633,,,
4509,4.006844029,,,
4513,2.332682516,,,
4521,0.832890612,,,
4527,2.627046674,,,
4530,1.879309065,,,
4532,2.855736441,,,
4533,2.970921952,,,
4535,2.573108475,,,
4536,4.755077942,,,
4542,3.795354185,,,
4551,3.010029971,,,
4554,3.642403927,,,
4555,2.159043404,,,
4564,1.171846605,,,
4572,2.375658686,,,
4573,7.049493896,,,
4577,1.668913398,,,
4579,5.329477374,,,
4583,3.638676659,,,
4584,5.785737057,,,
4596,2.803595464,,,
4599,3.715839678,,,
4607,3.644421467,,,
4609,0.231526374,,,
4610,1.537790242,,,
4616,2.033351491,,,
4617,2.849173535,,,
4633,4.075560492,,,
4638,3.525581965,,,
4641,2.903714247,,,
4653,6.820763984,,,
4655,3.930231258,,,
4659,0.713107298,,,
4669,1.467861165,,,
4678,0.872055258,,,
4685,4.328446786,,,
4686,3.713782625,,,
4691,1.624634842,,,
4695,4.591837186,,,
4698,3.526987905,,,
4700,4.77185953,,,
4711,2.846673409,,,
4722,4.007254209,,,
4727,3.283859662,,,
4756,5.738936142,,,
4762,0.813460014,,,
4763,2.817146934,,,
4766,4.271360907,,,
4770,0.467426027,,,
4784,3.260271701,,,
4791,2.87345831,,,
4795,4.886270594,,,
4799,1.614280018,,,
4802,4.047346871,,,
4805,3.712314466,,,
4814,4.673832972,,,
4816,0.903035287,,,
4817,3.628311315,,,
4822,3.137115389,,,
4827,2.563088907,,,
4833,4.398278198,,,
4836,0.594563225,,,
4842,3.101851023,,,
4844,2.978120954,,,
4845,2.680928028,,,
4849,4.082870519,,,
4850,1.074622202,,,
4860,4.342240704,,,
4863,1.885274917,,,
4871,3.807446267,,,
4878,3.599183549,,,
4881,2.725273103,,,
4888,3.683343899,,,
4900,7.073881643,,,
4906,3.647513907,,,
4909,1.192089851,,,
4916,4.6336278,,,
4918,5.56441151,,,
4926,3.282981018,,,
4928,2.362344069,,,
4941,2.466625898,,,
4946,4.448383544,,,
4949,1.808637171,,,
4956,2.819436796,,,
4966,4.031245896,,,
4969,2.566297969,,,
4973,3.654545445,,,
4978,4.972112674,,,
4982,3.121097844,,,
4985,4.495989253,,,
4991,3.393067114,,,
4998,3.638115597,,,
5000,2.67027335,,,
5004,3.710858195,,,
5005,2.563137163,,,
5011,4.640526701,,,
5016,0.174435877,,,
5018,2.772894148,,,
5034,3.993828652,,,
5038,1.462032768,,,
5042,6.403952707,,,
5046,2.95498349,,,
5051,0.47057382,,,
5054,0.869601418,,,
5057,3.963243126,,,
5062,3.765401735,,,
5063,4.382979718,,,
5065,3.081511034,,,
5066,1.937915394,,,
5076,2.676343876,,,
5089,2.819014001,,,
5092,2.415499547,,,
5093,4.126942277,,,
5094,4.098204482,,,
5098,3.433289937,,,
5102,2.539122074,,,
5112,5.307090738,,,
5117,2.780122842,,,
5127,3.392796134,,,
5130,2.603313274,,,
5131,2.156009789,,,
5132,3.447144567,,,
5135,1.480916595,,,
5136,2.741335344,,,
5147,4.571803513,,,
5157,3.565993027,,,
5160,2.064584004,,,
5165,0.992328023,,,
5166,1.390951062,,,
5172,2.648590274,,,
5173,2.601749012,,,
5179,0.691910604,,,
5184,5.073898029,,,
5187,2.157545246,,,
5191,3.315695509,,,
5193,1.410298149,,,
5194,1.788571225,,,
5199,2.377284185,,,
5212,1.634293067,,,
5213,2.955541708,,,
5224,3.726109596,,,
5226,3.749966586,,,
5239,5.376172071,,,
5252,4.552634068,,,
5264,0.440667987,,,
5266,2.085927876,,,
5271,4.920069645,,,
5273,3.683369859,,,
5276,2.409418667,,,
5278,4.25136059,,,
5281,2.157610371,,,
5283,3.994087883,,,
5291,0.218672152,,,
5294,6.269459324,,,
5296,3.798505545,,,
5297,0.615486473,,,
5313,3.477119697,,,
5314,2.698492686,,,
5321,2.808568103,,,
5325,3.185066039,,,
5326,1.501576862,,,
5328,3.458383154,,,
5334,2.748728822,,,
5338,4.690799255,,,
5344,1.719532691,,,
5348,1.328161689,,,
5352,1.374865884,,,
5353,3.92320365,,,
5354,0.837532602,,,
5361,0.169948966,,,
5364,2.709031788,,,
5365,3.779502304,,,
5367,1.720937688,,,
5379,4.738784547,,,
5382,3.060301679,,,
5386,4.8430683,,,
5395,3.904266166,,,
5410,4.797131966,,,
5411,2.856018849,,,
5416,5.220139215,,,
5424,3.902192088,,,
5426,2.827851365,,,
5428,1.204761233,,,
5430,4.814084538,,,
5433,1.389985162,,,
5437,2.975968515,,,
5440,3.707184819,,,
5442,4.754126756,,,
5445,3.055810027,,,
5449,3.80170715,,,
5452,3.785973351,,,
5460,0.877809641,,,
5461,2.277665998,,,
5465,1.947756807,,,
5467,4.062971585,,,
5471,4.788886952,,,
5474,1.54262434,,,
5475,2.801436924,,,
5480,1.715019064,,,
5481,3.633287633,,,
5484,1.522268589,,,
5494,6.163375517,,,
5495,1.943832527,,,
5497,1.510013466,,,
5499,2.946503901,,,
5507,1.515758657,,,
5510,3.061829659,,,
5515,1.506796806,,,
5516,1.999160023,,,
5517,1.424382459,,,
5524,3.966703183,,,
5530,6.207846233,,,
5534,2.679247379,,,
5543,1.233693552,,,
5545,3.08139229,,,
5558,3.573005572,,,
5562,2.200330964,,,
5573,7.143112034,,,
5581,4.147360118,,,
5583,5.287648231,,,
5587,3.365939002,,,
5589,2.016638135,,,
5591,5.438817957,,,
5596,3.169569336,,,
5606,3.877424522,,,
5608,4.902197951,,,
5611,3.144962012,,,
5612,4.686821681,,,
5614,4.4000349,,,
5620,3.665331869,,,
5623,5.542554401,,,
5624,0.985932515,,,
5626,6.257128273,,,
5633,1.441014526,,,
5635,2.810793592,,,
5640,4.705390538,,,
5643,2.908498238,,,
5644,6.113390585,,,
5653,5.297290801,,,
5663,4.15050028,,,
5664,5.18563717,,,
5667,2.604045704,,,
5671,0.927546759,,,
5673,3.470669607,,,
5676,2.428062002,,,
5678,2.040080387,,,
5698,2.554385475,,,
5700,5.788160436,,,
5705,3.712737562,,,
5706,5.873133175,,,
5711,2.260720588,,,
5712,5.388407632,,,
5716,2.769373408,,,
5719,2.620727706,,,
5725,2.3063899,,,
5728,7.46415351,,,
5734,0.686899938,,,
5735,3.970766364,,,
5743,2.464856316,,,
5754,1.320418369,,,
5755,2.27055243,,,
5756,4.844293964,,,
5766,3.17390782,,,
5770,3.810490012,,,
5774,0.721890263,,,
5775,2.456614355,,,
5776,4.028136354,,,
5778,6.176874337,,,
5786,2.845033068,,,
5787,3.470656467,,,
5791,4.753932391,,,
5794,3.09623964,,,
5803,3.012728563,,,
5804,3.53488813,,,
5808,0.585151328,,,
5810,3.962673507,,,
5813,3.948915674,,,
5828,3.114313516,,,
5839,5.718777839,,,
5842,4.028400916,,,
5843,2.55762598,,,
5844,3.838611431,,,
5847,2.946474601,,,
5851,2.373390849,,,
5854,3.320552143,,,
5857,1.53873263,,,
5866,1.826214084,,,
5874,1.350055544,,,
5886,3.559847131,,,
5895,1.247087782,,,
5897,2.738641235,,,
5898,2.495211123,,,
5900,1.623535125,,,
5902,0.840261642,,,
5908,0.496154632,,,
5909,3.225355561,,,
5912,6.198637702,,,
5913,1.312041646,,,
5917,4.562699637,,,
5918,2.755598249,,,
5921,3.144863766,,,
5931,1.914263929,,,
5942,4.027228347,,,
5943,2.913653896,,,
5950,3.921384864,,,
5954,0.491472635,,,
5983,2.971877543,,,
5995,3.020502683,,,
6002,2.196891008,,,
6005,3.851092961,,,
6009,7.246122413,,,
6011,2.549211471,,,
6012,4.550783767,,,
6019,1.610310231,,,
6021,2.874977305,,,
6029,5.149270257,,,
6036,4.307733679,,,
6037,2.977126548,,,
6038,0.6763374,,,
6043,0.98235181,,,
6045,3.934319855,,,
6047,1.076720094,,,
6048,2.945162955,,,
6061,3.78266831,,,
6063,3.223207981,,,
6064,5.064013763,,,
6068,4.47152069,,,
6069,0.922780264,,,
6070,3.558683617,,,
6071,5.382823346,,,
6074,4.074792416,,,
6079,3.669303249,,,
6082,2.952839224,,,
6088,4.280749981,,,
6094,2.394355079,,,
6095,1.120421913,,,
6098,3.00109187,,,
6102,3.625262089,,,
6105,1.57474275,,,
6113,5.531703035,,,
6116,2.668627838,,,
6120,1.77469745,,,
6121,2.37808914,,,
6126,2.452439973,,,
6144,3.86841205,,,
6145,4.699144536,,,
6153,2.457083055,,,
6156,3.565162056,,,
6159,4.074437161,,,
6162,1.307734991,,,
6184,2.624092682,,,
6188,2.813718823,,,
6189,2.878575739,,,
6191,2.171247532,,,
6211,1.009111888,,,
6216,3.547928853,,,
6218,1.775639727,,,
6222,1.369883701,,,
6235,2.970280711,,,
6245,1.15665202,,,
6248,3.490128004,,,
6253,3.372945719,,,
6256,0.231669649,,,
6257,4.276618293,,,
6259,1.142252369,,,
6266,4.80331794,,,
6268,3.797282857,,,
6275,1.483375508,,,
6280,3.274789372,,,
6283,2.681356234,,,
6288,4.816785414,,,
6289,2.063064996,,,
6301,5.580937264,,,
6308,4.058837644,,,
6314,3.864075855,,,
6315,0.36754713,,,
6316,3.538454594,,,
6317,3.1490325,,,
6318,2.435142902,,,
6323,3.150136874,,,
6329,3.497784275,,,
6336,1.49626844,,,
6341,4.711067303,,,
6348,3.185150878,,,
6349,4.558365907,,,
6365,1.554288992,,,
6372,3.755893708,,,
6376,2.947563134,,,
6378,0.841074358,,,
6379,4.710908432,,,
6382,1.340390496,,,
6383,2.903945552,,,
6389,4.950976943,,,
6390,1.881628044,,,
6392,4.560271858,,,
6394,0.896153835,,,
6402,0.634493994,,,
6404,2.715715953,,,
6405,2.741994705,,,
6406,0.941835341,,,
6409,4.450322626,,,
6410,5.105294049,,,
6411,3.799949575,,,
6421,5.107958875,,,
6428,7.384268462,,,
6429,2.34297652,,,
6432,4.122757151,,,
6436,1.156344923,,,
6437,3.683957602,,,
6438,0.361512233,,,
6445,3.00795981,,,
6447,4.17151782,,,
6450,4.24072086,,,
6462,4.541999639,,,
6467,3.887119789,,,
6478,3.649180712,,,
6484,4.62580831,,,
6492,4.480308168,,,
6497,7.131478538,,,
6504,3.098445652,,,
6505,1.04407561,,,
6513,2.864595292,,,
6525,4.799061924,,,
6526,4.603591619,,,
6528,2.860628284,,,
6540,1.191763103,,,
6542,0.898380013,,,
6544,5.174287669,,,
6548,3.853721883,,,
6552,3.04046378,,,
6558,3.763466824,,,
6567,2.205403767,,,
6569,4.660113013,,,
6572,5.650449359,,,
6577,5.912023649,,,
6581,3.298127042,,,
6588,2.820137194,,,
6591,0.711424747,,,
6594,2.412485977,,,
6600,6.382857961,,,
6602,3.495015286,,,
6604,2.524224772,,,
6605,3.573783196,,,
6614,2.445565691,,,
6616,1.77400207,,,
6621,1.6149012,,,
6640,4.380899227,,,
6641,2.768565793,,,
6643,1.891822637,,,
6644,1.465248299,,,
6649,2.193601065,,,
6650,3.643122575,,,
6655,5.766085709,,,
6661,1.932345808,,,
6672,4.460769455,,,
6677,1.765412479,,,
6688,1.914998002,,,
6689,5.3057516,,,
6691,2.698632447,,,
6692,5.196485736,,,
6694,3.30333789,,,
6702,2.477397071,,,
6714,0.750034943,,,
6716,5.097747488,,,
6724,3.889692277,,,
6725,1.822380012,,,
6730,3.717654701,,,
6735,2.846678041,,,
6738,2.832764558,,,
6739,3.123991679,,,
6743,3.8838609,,,
6747,2.468818694,,,
6750,7.26328657,,,
6751,3.252752377,,,
6753,4.234041437,,,
6754,2.382730048,,,
6755,1.615093835,,,
6762,3.710554422,,,
6764,3.718945929,,,
6772,1.392559808,,,
6774,1.342806204,,,
6787,2.358012246,,,
6789,3.350762589,,,
6793,3.816541435,,,
6798,1.29596004,,,
6799,0.270936981,,,
6800,3.978277523,,,
6802,1.882988482,,,
6808,1.681122453,,,
6809,4.021534384,,,
6812,4.374185796,,,
6814,2.898417965,,,
6816,2.493210042,,,
6822,1.222039595,,,
6829,3.573813497,,,
6834,2.314350589,,,
6836,4.321344772,,,
6839,3.28544828,,,
6840,1.78239511,,,
6843,2.06187465,,,
6846,1.879482633,,,
6848,1.479708783,,,
6852,2.607955617,,,
6856,5.665847185,,,
6860,4.654325645,,,
6866,4.105788239,,,
6870,4.214487064,,,
6878,0.872541554,,,
6880,5.356783957,,,
6885,5.631127462,,,
6897,3.897649778,,,
6902,3.418607711,,,
6904,4.010937747,,,
6907,4.191512321,,,
6909,0.421646712,,,
6914,1.960289888,,,
6915,5.551492549,,,
6922,1.564312819,,,
6924,2.119322179,,,
6933,3.700039428,,,
6934,4.826286108,,,
6941,3.804428721,,,
6957,2.269940459,,,
6960,0.549876546,,,
6969,0.294538362,,,
6975,2.92958643,,,
6980,1.814918797,,,
6983,1.692341265,,,
6987,2.301654211,,,
6994,2.524611932,,,
6997,4.564399664,,,
7002,2.973217937,,,
7010,2.328027024,,,
7015,3.417089727,,,
7019,3.024847048,,,
7022,4.629931714,,,
7025,2.696510265,,,
7029,4.444594481,,,
7031,2.371663903,,,
7037,2.611546566,,,
7038,3.795767338,,,
7043,1.634137828,,,
7049,3.598523171,,,
7052,2.590344312,,,
7053,4.223058787,,,
7056,2.951958499,,,
7057,4.32432554,,,
7080,1.534202749,,,
7086,1.8654365,,,
7087,3.382345023,,,
7105,3.621370866,,,
7108,2.393355364,,,
7121,1.533043234,,,
7122,2.133730699,,,
7125,2.180552914,,,
7132,3.853702402,,,
7134,3.529182858,,,
7151,2.402504111,,,
7152,3.324271369,,,
7157,3.056912789,,,
7159,1.177158186,,,
7166,0.694832892,,,
7167,1.302877023,,,
7177,3.217812603,,,
7179,2.074383116,,,
7181,0.610245386,,,
7183,5.826934548,,,
7186,3.561719449,,,
7193,5.786633942,,,
7205,2.993773727,,,
7207,2.474988462,,,
7209,3.941460451,,,
7216,1.473736037,,,
7232,0.794150066,,,
7235,2.183183374,,,
7238,2.095908191,,,
7240,2.378107377,,,
7243,1.388628427,,,
7252,2.36784944,,,
7269,2.45178506,,,
7275,3.769809959,,,
7281,2.114310489,,,
7283,1.496887152,,,
7287,6.626110517,,,
7289,6.614837731,,,
7291,3.977066003,,,
7294,1.140058258,,,
7304,5.59664232,,,
7308,4.250312594,,,
7313,3.009419585,,,
7319,0.943538835,,,
7325,1.804515625,,,
7326,2.177011912,,,
7330,5.17394215,,,
7332,4.332204404,,,
7337,1.606060762,,,
7341,0.608863176,,,
7346,3.119863159,,,
7353,1.617061663,,,
7354,4.15460271,,,
7361,1.32550754,,,
7366,0.306874353,,,
7368,5.14462701,,,
7372,3.775482639,,,
7375,2.769533776,,,
7377,6.322170346,,,
7380,0.928244498,,,
7382,4.317699787,,,
7385,2.558634558,,,
7392,2.118403002,,,
7395,4.610848287,,,
7397,3.258654811,,,
7403,3.260944725,,,
7406,3.307294523,,,
7409,0.167480221,,,
7410,3.616185017,,,
7412,4.168801817,,,
7419,3.262668863,,,
7425,2.780591343,,,
7435,7.51145754,,,
7438,3.671598418,,,
7440,4.477121419,,,
7447,3.109224505,,,
7449,2.194157406,,,
7456,3.552525162,,,
7464,3.772960206,,,
7478,2.459944339,,,
7480,2.904601383,,,
7481,5.076581178,,,
7483,3.704658959,,,
7484,1.668138841,,,
7491,3.961444321,,,
7494,2.167339112,,,
7501,2.283950248,,,
7503,4.015032552,,,
7509,2.292738321,,,
7517,0.312269272,,,
7518,6.080107271,,,
7519,2.071880698,,,
7521,5.671306626,,,
7522,2.712702453,,,
7536,3.54962037,,,
7539,1.424168163,,,
7547,6.209320752,,,
7549,3.104312786,,,
7552,2.980552362,,,
7554,1.641322534,,,
7556,3.640849596,,,
7564,3.59066637,,,
7566,1.330437771,,,
7570,4.022830631,,,
7571,2.955011768,,,
7572,3.446217068,,,
7575,2.049457274,,,
7586,3.597592725,,,
7589,5.270077912,,,
7590,2.990080793,,,
7597,3.764835078,,,
7602,4.495361719,,,
7604,4.286341215,,,
7605,3.133683561,,,
7612,1.777964765,,,
7615,3.985927989,,,
7617,3.096246872,,,
7624,3.580478157,,,
7632,4.100673271,,,
7639,4.47364974,,,
7642,2.710660067,,,
7643,3.618573293,,,
7649,3.555211026,,,
7650,1.596620474,,,
7653,3.819877622,,,
7654,3.188413369,,,
7657,5.365727867,,,
7662,1.379692906,,,
7669,3.826817025,,,
7671,2.765167768,,,
7675,1.521197673,,,
7678,4.283806682,,,
7682,4.371310394,,,
7688,1.817314494,,,
7689,1.293096815,,,
7690,5.08906821,,,
7692,2.797597598,,,
7699,0.89284901,,,
7705,2.955170198,,,
7712,3.236623274,,,
7726,4.468986695,,,
7728,1.942383362,,,
7735,4.083454689,,,
7737,2.623698063,,,
7739,3.603113949,,,
7743,0.695420434,,,
7744,5.634611214,,,
7746,2.616102435,,,
7749,0.901485465,,,
7750,3.983595003,,,
7752,3.774543166,,,
7755,4.96644699,,,
7756,3.515504653,,,
7762,4.084579642,,,
7764,0.456749954,,,
7769,2.487617682,,,
7770,2.337608615,,,
7776,5.136534075,,,
7778,5.468681488,,,
7784,2.660997355,,,
7786,2.728407459,,,
7789,3.003819493,,,
7793,4.513130258,,,
7794,1.620372832,,,
7804,3.031874654,,,
7811,4.772052522,,,
7813,2.510262733,,,
7815,2.174074142,,,
7817,0.465972097,,,
7818,3.805943758,,,
7821,5.835386037,,,
7825,3.286934095,,,
7830,5.1351336,,,
7832,3.837265828,,,
7835,1.885886834,,,
7839,6.456493635,,,
7842,5.183264516,,,
7849,4.062510372,,,
7856,2.528028245,,,
7857,2.669314442,,,
7863,4.978315967,,,
7866,4.321347044,,,
7871,3.127842112,,,
7875,2.347088858,,,
7882,2.370212948,,,
7887,1.53151971,,,
7888,3.281647652,,,
7891,2.01549926,,,
7895,4.320648417,,,
7901,4.16834743,,,
7906,2.576342579,,,
7908,0.610038129,,,
7917,2.022655629,,,
7924,3.225429501,,,
7948,3.969347191,,,
7950,5.974111446,,,
7955,2.51746376,,,
7957,1.693225798,,,
7959,2.453404721,,,
7967,4.888651433,,,
7969,2.691549379,,,
7971,4.520393018,,,
7974,3.006308093,,,
7976,2.682473845,,,
7986,5.556191834,,,
7987,0.864129013,,,
7993,4.036706792,,,
7996,3.921516879,,,
7998,2.974153455,,,
8018,3.061940495,,,
8019,2.52876337,,,
8027,1.689270993,,,
8036,1.867216848,,,
8040,4.449568201,,,
8044,3.248086904,,,
8050,2.794252824,,,
8052,0.214944134,,,
8054,0.248562775,,,
8057,3.770255571,,,
8058,4.162000158,,,
8059,2.795512388,,,
8066,2.549900297,,,
8070,6.141305111,,,
8072,6.824314309,,,
8078,2.614488358,,,
8079,3.119072298,,,
8080,4.079613788,,,
8081,4.186563312,,,
8088,0.909046951,,,
8091,2.198847664,,,
8094,2.972813773,,,
8095,2.698382892,,,
8099,4.394668939,,,
8101,5.187266695,,,
8102,5.370820878,,,
8116,4.3806922,,,
8125,4.016778585,,,
8134,0.615252312,,,
8139,0.569062382,,,
8141,4.596396168,,,
8147,2.985499984,,,
8158,5.866586844,,,
8160,2.641437805,,,
8165,2.784128427,,,
8187,2.327495663,,,
8205,1.142112284,,,
8209,2.707730043,,,
8211,3.668277377,,,
8232,3.65555892,,,
8236,4.711563201,,,
8237,5.408176941,,,
8238,6.290654504,,,
8245,4.003352931,,,
8256,2.810094818,,,
8268,3.064634224,,,
8269,2.615568896,,,
8270,4.828550131,,,
8286,2.947450548,,,
8289,3.606087523,,,
8301,3.010533832,,,
8305,1.505211265,,,
8310,3.044724675,,,
8312,1.343472223,,,
8318,5.341290581,,,
8321,4.170933324,,,
8328,0.889166938,,,
8331,4.733030785,,,
8334,3.024524055,,,
8344,3.865524328,,,
8345,2.20300914,,,
8352,4.487266718,,,
8358,3.718104296,,,
8359,2.015832207,,,
8360,2.752547446,,,
8365,2.949569531,,,
8366,2.951132597,,,
8369,5.073169545,,,
8373,5.255828138,,,
8378,3.771781847,,,
8392,2.815631909,,,
8397,2.760569842,,,
8399,2.431502832,,,
8400,2.491312064,,,
8405,2.699673597,,,
8406,4.541620182,,,
8410,0.923180822,,,
8413,4.145975544,,,
8414,0.768555353,,,
8416,5.397979654,,,
8426,2.526957262,,,
8434,4.760537908,,,
8439,0.723092656,,,
8440,1.226255285,,,
8475,4.130763625,,,
8480,5.304217904,,,
8497,2.140593293,,,
8499,0.872345678,,,
8500,3.667078836,,,
8501,2.821203503,,,
8502,2.789128451,,,
8518,5.709804362,,,
8520,3.693899466,,,
8523,4.766516501,,,
8525,1.567342279,,,
8532,2.386760724,,,
8535,1.492567093,,,
8543,1.584114787,,,
8554,0.720344849,,,
8560,4.77217401,,,
8561,3.536253173,,,
8563,1.339667148,,,
8566,1.123871271,,,
8570,3.900616038,,,
8572,3.15144003,,,
8582,1.254915229,,,
8583,1.740375865,,,
8587,1.655818211,,,
8592,1.947792893,,,
8593,0.928514993,,,
8607,0.998977053,,,
8609,4.602824917,,,
8610,3.602230732,,,
8614,3.928219655,,,
8616,4.542278581,,,
8622,3.435019033,,,
8623,3.850574213,,,
8624,1.817000023,,,
8633,5.765754123,,,
8641,6.778098208,,,
8644,5.827223227,,,
8649,4.394129509,,,
8653,3.201761537,,,
8657,7.094712199,,,
8658,2.854224202,,,
8663,3.463086679,,,
8672,1.948895651,,,
8680,0.858357888,,,
8684,2.638242497,,,
8687,0.946353598,,,
8688,3.608468402,,,
8690,3.776630996,,,
8712,0.141913985,,,
8717,3.543567356,,,
8730,5.303510576,,,
8739,3.789783714,,,
8744,4.452260968,,,
8747,5.500092135,,,
8748,4.319770401,,,
8751,2.849028994,,,
8758,3.626679929,,,
8761,1.885015881,,,
8763,0.879837701,,,
8764,3.695759817,,,
8765,6.468797178,,,
8773,4.518569502,,,
8780,2.965175942,,,
8781,2.923617724,,,
8782,3.430230027,,,
8785,0.158058425,,,
8786,1.712911498,,,
8797,1.338256964,,,
8799,3.760372997,,,
8807,0.701485211,,,
8816,3.682098699,,,
8817,3.074556145,,,
8826,5.354763925,,,
8833,3.014376571,,,
8834,3.257276279,,,
8835,2.415930262,,,
8840,4.928186003,,,
8843,2.871259454,,,
8849,3.066325451,,,
8855,3.536097801,,,
8861,2.814799735,,,
8862,3.762641028,,,
8865,2.460875305,,,
8868,4.765111705,,,
8870,4.56984617,,,
8880,4.547223678,,,
8885,1.517643938,,,
8894,1.883952555,,,
8895,4.355872527,,,
8899,4.397012085,,,
8912,1.682816256,,,
8922,2.601277539,,,
8924,3.042218068,,,
8928,3.950431406,,,
8932,0.951888958,,,
8943,5.315117323,,,
8945,6.035390701,,,
8946,4.97969916,,,
8954,1.264303311,,,
8958,3.834152913,,,
8960,1.303777872,,,
8965,1.090065949,,,
8966,4.645544677,,,
8967,2.166123704,,,
8969,2.806122622,,,
8980,4.092069025,,,
8984,4.051157153,,,
8985,3.037377975,,,
8988,2.690261972,,,
8989,4.673304353,,,
8995,1.639680614,,,
9004,3.101282119,,,
9010,1.47315866,,,
9012,0.975158451,,,
9018,3.674252797,,,
9036,0.591435147,,,
9037,2.173599796,,,
9040,1.585996798,,,
9041,5.954471739,,,
9044,5.882318738,,,
9045,3.089583592,,,
9047,2.498728849,,,
9049,0.87955585,,,
9061,2.201381497,,,
9062,2.783719305,,,
9076,3.836774474,,,
9079,2.603020493,,,
9081,3.878430762,,,
9082,4.303438124,,,
9089,0.818145846,,,
9092,2.865223223,,,
9094,1.719302824,,,
9115,0.854257364,,,
9117,4.20945984,,,
9118,3.279823161,,,
9120,1.780415824,,,
9124,2.552635418,,,
9128,1.668184369,,,
9135,0.959284864,,,
9136,2.4307568,,,
9138,3.858155568,,,
9157,3.946298166,,,
9176,1.919094847,,,
9183,1.640288269,,,
9187,3.044298938,,,
9188,1.675863645,,,
9190,4.699719839,,,
9197,3.903569059,,,
9200,3.232943548,,,
9201,1.533610333,,,
9203,1.476461164,,,
9212,3.602283009,,,
9213,1.609036286,,,
9214,4.190132732,,,
9217,2.426206927,,,
9219,3.784128677,,,
9220,4.866413525,,,
9221,5.927892875,,,
9237,2.592531684,,,
9240,4.575858533,,,
9241,2.45502238,,,
9248,3.157943529,,,
9253,7.492784228,,,
9259,4.519064599,,,
9267,1.467070561,,,
9271,2.704167731,,,
9273,0.930581417,,,
9285,5.826759154,,,
9290,3.809611606,,,
9291,3.564924166,,,
9293,1.180041457,,,
9294,3.457569123,,,
9301,2.948754653,,,
9302,4.145482414,,,
9312,2.49374426,,,
9316,3.757606695,,,
9319,0.95536779,,,
9328,4.874575669,,,
9331,4.102409522,,,
9338,0.637055303,,,
9350,2.829345733,,,
9356,3.534814268,,,
9359,2.232355966,,,
9362,3.448240398,,,
9364,2.887459644,,,
9370,3.272405745,,,
9380,1.088204816,,,
9386,4.86709292,,,
9394,1.787826345,,,
9407,3.881803646,,,
9411,2.71156249,,,
9422,3.437942501,,,
9423,0.503723849,,,
9429,1.247207524,,,
9433,1.324892811,,,
9439,1.196516354,,,
9451,4.13171765,,,
9452,3.424799584,,,
9453,2.079363455,,,
9460,5.22972824,,,
9465,6.159899815,,,
9470,4.370096196,,,
9476,3.625707024,,,
9485,3.626737446,,,
9486,1.437314893,,,
9488,2.769001978,,,
9507,5.853261605,,,
9508,1.168910638,,,
9517,7.531673759,,,
9521,5.78496883,,,
9528,3.099031081,,,
9532,3.233034778,,,
9536,2.737781381,,,
9540,5.114408336,,,
9542,4.853387226,,,
9546,3.644269014,,,
9548,4.348171667,,,
9549,6.027093469,,,
9554,4.968834973,,,
9555,4.692349139,,,
9558,1.207129851,,,
9573,1.192627791,,,
9575,4.70889115,,,
9584,2.810001057,,,
9586,3.725641376,,,
9588,5.434299245,,,
9591,1.372120547,,,
9592,4.170860501,,,
9597,6.871631126,,,
9600,4.047210057,,,
9603,3.494693822,,,
9605,2.68759603,,,
9614,0.898004008,,,
9616,5.082139452,,,
9622,3.798608256,,,
9624,4.01372047,,,
9629,1.182229183,,,
9633,3.825401777,,,
9640,4.202842381,,,
9644,1.744280256,,,
9645,0.626332208,,,
9646,3.075135285,,,
9648,2.716517539,,,
9649,1.014058733,,,
9660,3.82401176,,,
9664,3.558403436,,,
9675,0.857005249,,,
9679,3.372410414,,,
9680,3.261876305,,,
9682,0.629914812,,,
9697,2.904155527,,,
9701,3.427091153,,,
9704,2.81696692,,,
9705,1.168391738,,,
9707,4.072712588,,,
9714,0.613506865,,,
9718,2.792762016,,,
9722,5.184129433,,,
9739,3.102509546,,,
9747,5.87284558,,,
9751,1.883578663,,,
9757,2.300768084,,,
9759,3.374055096,,,
9760,3.958253691,,,
9764,2.741421902,,,
9776,1.723855181,,,
9778,2.900409337,,,
9786,0.755175358,,,
9803,3.416418763,,,
9804,4.84944649,,,
9815,5.171018783,,,
9824,2.021616805,,,
9825,0.212427802,,,
9826,3.182913888,,,
9827,3.86017621,,,
9833,3.600083627,,,
9835,0.66225541,,,
9860,3.621842772,,,
9865,3.311336048,,,
9871,3.249944261,,,
9874,1.420497461,,,
9880,2.461416813,,,
9882,1.496903332,,,
9885,3.02755384,,,
9888,4.491188508,,,
9892,2.000648059,,,
9893,5.248565401,,,
9896,1.338924892,,,
9902,3.40644368,,,
9906,3.807649668,,,
9910,5.095250088,,,
9914,2.571886309,,,
9918,1.586644613,,,
9920,1.092868344,,,
9926,4.817471828,,,
9931,6.775931917,,,
9935,3.964389244,,,
9945,4.767900804,,,
9953,1.15638758,,,
9957,2.790635446,,,
9963,4.495813897,,,
9972,4.667340764,,,
9976,4.45152523,,,
9979,2.532232056,,,
9980,1.730662884,,,
9982,0.96344939,,,
9991,3.684397353,,,
10000,5.655117641,,,
10003,3.694923612,,,
10005,2.481781006,,,
10014,3.434688649,,,
10032,3.072164661,,,
10034,2.938116622,,,
10041,2.367448487,,,
10042,3.97624312,,,
10044,5.357688888,,,
10045,1.237383105,,,
10054,3.597577924,,,
10061,6.098490758,,,
10062,0.46062268,,,
10073,0.48881376,,,
10081,0.303449091,,,
10084,1.048890452,,,
10086,0.068709762,,,
10093,1.713057109,,,
10101,5.381007405,,,
10105,4.136285491,,,
10110,3.556698464,,,
10113,3.267013942,,,
10115,2.962758947,,,
10119,3.820889208,,,
10121,3.297026224,,,
10124,0.861176953,,,
10126,5.409967442,,,
10127,3.015562571,,,
10145,3.368830331,,,
10147,1.562896796,,,
10148,2.524362092,,,
10162,2.151333881,,,
10163,3.00836766,,,
10166,2.155829969,,,
10172,3.638272834,,,
10173,2.496287379,,,
10175,2.379611147,,,
10180,3.284534364,,,
10186,1.256450734,,,
10192,3.255315235,,,
10199,2.778332604,,,
10209,0.331022707,,,
10210,7.987104666,,,
10214,3.166704044,,,
10215,0.238189349,,,
10216,1.526935787,,,
10232,2.440629815,,,
10239,5.274924466,,,
10249,4.917637592,,,
10253,5.358719312,,,
10255,1.559587106,,,
10262,2.895533963,,,
10264,2.336515718,,,
10266,0.649411373,,,
10268,1.537366184,,,
10271,2.957658308,,,
10272,5.654116069,,,
10276,0.907239672,,,
10277,1.940303138,,,
10279,2.609209141,,,
10281,1.902722343,,,
10285,2.275939461,,,
10294,1.376274371,,,
10300,2.772646744,,,
10304,3.072027244,,,
10307,2.671586182,,,
10309,5.465704619,,,
10310,1.145561501,,,
10312,0.516744295,,,
10321,2.981103068,,,
10332,0.228133315,,,
10336,3.394178113,,,
10368,2.954927162,,,
10369,6.311722479,,,
10375,1.343842609,,,
10376,1.63453438,,,
10379,3.668047988,,,
10380,2.725908018,,,
10383,2.097344663,,,
10385,5.231406493,,,
10387,3.642348513,,,
10397,2.915173268,,,
10412,2.812292217,,,
10413,1.753556518,,,
10418,2.647370689,,,
10420,3.046466084,,,
10426,3.766330414,,,
10427,2.785301384,,,
10428,2.862961618,,,
10430,1.877642183,,,
10435,1.79331445,,,
10436,1.34447747,,,
10446,5.920780009,,,
10448,3.449811233,,,
10449,4.575572231,,,
10463,2.445959235,,,
10469,2.420277002,,,
10470,4.258152363,,,
10471,3.732397585,,,
10473,5.090696911,,,
10476,2.827629048,,,
10482,3.09940987,,,
10500,3.029157814,,,
10511,5.142421474,,,
10512,4.386634593,,,
10514,3.543668644,,,
10515,4.344911291,,,
10526,1.248559598,,,
10546,2.259241564,,,
10549,3.748529885,,,
10553,1.261019741,,,
10558,2.092812995,,,
10575,0.476941526,,,
10581,2.221728968,,,
10583,0.772370434,,,
10584,1.797545779,,,
10585,0.852107954,,,
10610,1.180681488,,,
10611,0.821094923,,,
10616,5.427176975,,,
10618,3.240113567,,,
10628,0.388815898,,,
10632,2.001382522,,,
10642,3.753688336,,,
10648,3.46569929,,,
10649,3.608883878,,,
10650,3.015541101,,,
10654,2.113988257,,,
10656,5.01157978,,,
10661,4.908403185,,,
10663,0.31020853,,,
10672,3.180395673,,,
10678,5.305509151,,,
10685,4.034416237,,,
10690,5.196144234,,,
10702,3.719138118,,,
10706,3.376968717,,,
10708,2.426722187,,,
10716,2.84134393,,,
10717,4.284483623,,,
10720,5.298932626,,,
10729,0.658029593,,,
10730,5.36867576,,,
10745,1.666700043,,,
10753,2.358183336,,,
10754,2.190108945,,,
10762,2.305739177,,,
10766,1.505973633,,,
10776,1.355455683,,,
10783,2.778435705,,,
10789,2.855428219,,,
10790,5.965307957,,,
10797,0.419479922,,,
10807,3.241466062,,,
10810,1.283880034,,,
10817,2.883087628,,,
10820,2.689791038,,,
10822,3.444235841,,,
10828,4.57379597,,,
10829,2.536001282,,,
10830,2.470784459,,,
10831,6.003297848,,,
10841,6.120560058,,,
10847,3.075979949,,,
10856,0.432207052,,,
10860,0.244583735,,,
10861,5.269054918,,,
10863,3.092164668,,,
10875,2.458308431,,,
10884,4.012624661,,,
10895,1.726106855,,,
10897,3.007579446,,,
10898,2.915351185,,,
10903,0.076943216,,,
10908,1.338915395,,,
10924,2.215183916,,,
10926,2.432597433,,,
10927,3.041648248,,,
10928,2.380094457,,,
10933,0.800534399,,,
10939,5.991114806,,,
10942,4.037655616,,,
10945,2.895711643,,,
10949,3.830440901,,,
10950,3.237521493,,,
10958,6.072321466,,,
10963,3.704803587,,,
10967,3.087249286,,,
10971,0.76490902,,,
10972,1.832715855,,,
10974,3.609018195,,,
10976,4.397574777,,,
10980,2.763273164,,,
10991,1.348139906,,,
10995,4.082282113,,,
11014,5.309935667,,,
11017,4.659147968,,,
11019,4.706056426,,,
11022,1.147053368,,,
11030,4.184869441,,,
11031,3.071002521,,,
11041,1.823754277,,,
11042,3.619201678,,,
11044,4.106885464,,,
11047,4.625773339,,,
11048,2.961546468,,,
11049,3.372271275,,,
11052,3.001216234,,,
11058,1.085569784,,,
11069,2.970812215,,,
11070,2.907461948,,,
11073,5.436986629,,,
11074,1.236500916,,,
11078,1.923131336,,,
11079,0.466904195,,,
11085,0.721726193,,,
11088,3.608092671,,,
11106,0.690066753,,,
11110,5.769316642,,,
11114,3.618643074,,,
11118,2.490371218,,,
11129,4.790333945,,,
11130,3.578263745,,,
11131,3.506527521,,,
11133,2.516669703,,,
11138,3.418368077,,,
11143,3.946413393,,,
11146,4.317761326,,,
11153,3.846870133,,,
11162,3.034059462,,,
11170,7.000527899,,,
11171,0.418490054,,,
11201,2.932952484,,,
11216,5.206514731,,,
11219,2.201858625,,,
11222,4.857487007,,,
11234,1.630445827,,,
11238,3.802436685,,,
11244,2.845318764,,,
11246,1.471831618,,,
11248,1.686770102,,,
11250,0.866886959,,,
11256,4.374633481,,,
11259,2.503665891,,,
11263,0.795900071,,,
11264,2.697518054,,,
11270,1.448071773,,,
11274,1.349190376,,,
11281,2.818163579,,,
11285,1.254620864,,,
11300,1.986085302,,,
11305,2.829897479,,,
11317,3.341723725,,,
11319,2.474983504,,,
11330,0.907954542,,,
11334,5.058735234,,,
11335,5.5526572,,,
11336,2.882164888,,,
11356,3.941528129,,,
11358,3.31449834,,,
11360,1.203044111,,,
11364,0.665294954,,,
11373,5.698925008,,,
11379,3.150645861,,,
11382,3.992046153,,,
11383,2.441624371,,,
11385,4.054570951,,,
11387,2.885813814,,,
11391,3.323944546,,,
11397,2.320898433,,,
11404,2.071821233,,,
11405,0.217316537,,,
11409,4.487353558,,,
11419,2.960688993,,,
11430,4.327912909,,,
11434,5.869292321,,,
11436,2.343914626,,,
11440,3.63240731,,,
11443,2.686294225,,,
11449,2.35206203,,,
11452,4.206981203,,,
11453,1.456724518,,,
11456,4.647020391,,,
11457,1.169495666,,,
11459,4.213497635,,,
11471,0.223430347,,,
11476,3.043191807,,,
11479,1.055536034,,,
11481,3.628900718,,,
11485,2.645839916,,,
11486,2.820003771,,,
11487,2.796641733,,,
11488,2.282755248,,,
11498,1.244324781,,,
11506,2.618008088,,,
11511,5.106704945,,,
11515,1.413138211,,,
11518,0.705180446,,,
11521,2.45238004,,,
11523,3.044237804,,,
11524,0.919794279,,,
11525,3.719513671,,,
11528,1.434479905,,,
11530,2.756336524,,,
11531,3.029248119,,,
11533,2.755641866,,,
11535,3.677084836,,,
11537,3.570018442,,,
11538,2.356295924,,,
11541,1.750065887,,,
11548,3.802695905,,,
11552,2.660505271,,,
11558,1.370067328,,,
11560,1.245667234,,,
11566,1.538609646,,,
11572,0.550270507,,,
11573,4.455620272,,,
11582,4.137861625,,,
11586,2.604214386,,,
11590,4.064243716,,,
11591,2.32672592,,,
11601,3.806373357,,,
11611,3.482242852,,,
11617,1.384344555,,,
11619,4.775430978,,,
11624,3.517287007,,,
11626,6.036656096,,,
11644,1.958962077,,,
11652,1.037948392,,,
11656,2.117165629,,,
11658,2.43549687,,,
11659,5.267520715,,,
11663,2.84339697,,,
11665,3.844799071,,,
11683,4.02918382,,,
11685,1.681790401,,,
11691,2.811788087,,,
11694,3.496142218,,,
11698,0.457962417,,,
11700,3.533032909,,,
11703,2.559877131,,,
11705,2.480162534,,,
11710,3.199285704,,,
11711,2.716904942,,,
11714,1.105906539,,,
11731,4.6369786,,,
11732,0.237771317,,,
11742,2.248997405,,,
11744,3.690141753,,,
11745,3.047500547,,,
11749,2.475053162,,,
11756,2.981428121,,,
11761,0.674914809,,,
11762,4.223553153,,,
11766,4.538348331,,,
11767,7.904163745,,,
11769,2.858671419,,,
11770,3.764551122,,,
11771,3.922198114,,,
11777,3.169553389,,,
11778,4.920699971,,,
11779,0.821735244,,,
11788,2.069835862,,,
11790,4.699044944,,,
11794,3.656267616,,,
11801,3.840505401,,,
11807,0.656325824,,,
11812,3.929227347,,,
11817,0.681096488,,,
11818,2.823417319,,,
11825,0.58421919,,,
11828,4.177312212,,,
11833,4.206370138,,,
11837,5.191599252,,,
11838,0.488785434,,,
11842,2.156783398,,,
11853,4.382375831,,,
11857,4.323900904,,,
11858,1.503496516,,,
11860,5.08856591,,,
11867,3.706465127,,,
11868,4.703934079,,,
11871,4.376920502,,,
11875,3.525610771,,,
11881,6.572053408,,,
11890,1.142996113,,,
11892,4.262235746,,,
11894,2.780682594,,,
11896,4.484776555,,,
11903,4.41716086,,,
11905,3.438813008,,,
11907,2.711105441,,,
11909,7.592619697,,,
11911,3.020073646,,,
11915,2.075588368,,,
11918,3.189353856,,,
11920,4.788716526,,,
11923,4.096081387,,,
11924,2.911324861,,,
11926,1.888566044,,,
11931,3.48041594,,,
11933,4.089803586,,,
11940,4.920995018,,,
11951,2.872698239,,,
11953,2.845628489,,,
11973,1.154249039,,,
11984,1.919748135,,,
11985,1.818517057,,,
11991,2.495222074,,,
12002,2.949192503,,,
12006,2.811855038,,,
12008,4.497324668,,,
12013,1.449116674,,,
12015,3.296680155,,,
12016,4.199285374,,,
12023,1.580356366,,,
12029,1.730440348,,,
12036,0.79980001,,,
12038,3.535116129,,,
12041,1.346526309,,,
12049,4.457331076,,,
12050,0.718561281,,,
12054,3.778659751,,,
12060,2.878338905,,,
12062,5.563413202,,,
12065,2.534027211,,,
12079,1.657289035,,,
12083,6.13142627,,,
12090,4.855211616,,,
12091,4.670926027,,,
12094,3.882528115,,,
12099,3.621762318,,,
12101,3.281368406,,,
12110,2.926539852,,,
12116,6.741262286,,,
12122,3.339720911,,,
12127,6.944994942,,,
12133,3.517105853,,,
12142,1.198880767,,,
12147,4.372309692,,,
12156,2.536699534,,,
12157,5.118813573,,,
12158,5.311711912,,,
12161,4.169884545,,,
12163,3.867867792,,,
12166,1.923995295,,,
12170,0.636002751,,,
12174,5.255447513,,,
12183,1.10085046,,,
12188,1.338446102,,,
12189,4.079414073,,,
12192,3.360907202,,,
12201,3.058694883,,,
12204,0.387248747,,,
12207,0.724243204,,,
12208,1.944090878,,,
12209,3.73512093,,,
12210,7.365912633,,,
12217,2.96270427,,,
12227,1.466348346,,,
12231,3.336383628,,,
12232,3.769567455,,,
12239,5.495159896,,,
12240,2.372280734,,,
12251,3.125794685,,,
12256,4.79193548,,,
12261,0.611718227,,,
12263,2.315560122,,,
12266,1.078212454,,,
12267,3.003688919,,,
12268,3.761830779,,,
12279,5.079860872,,,
12280,3.799506041,,,
12283,2.624743478,,,
12284,0.315237807,,,
12285,6.085720057,,,
12286,5.164933021,,,
12292,4.834686718,,,
12295,1.70250276,,,
12301,3.910109638,,,
12314,2.382588092,,,
12315,0.436485133,,,
12318,0.96861906,,,
12332,5.25662413,,,
12334,1.143194311,,,
12337,3.693979465,,,
12338,4.942809432,,,
12349,4.341560179,,,
12350,3.186732174,,,
12359,5.363114325,,,
12360,5.281041319,,,
12373,4.496362839,,,
12374,1.872462456,,,
12380,4.385147701,,,
12382,2.840411775,,,
12383,2.741524492,,,
12390,4.354506851,,,
12398,4.84838082,,,
12405,3.648323288,,,
12407,2.476277199,,,
12410,5.807473788,,,
12418,6.973431892,,,
12421,4.791917665,,,
12422,2.605811001,,,
12439,1.805839137,,,
12444,3.844622018,,,
12463,4.858612478,,,
12465,1.248055312,,,
12470,4.222055815,,,
12471,3.474611926,,,
12480,4.055156229,,,
12482,4.210121255,,,
12484,2.772360494,,,
12487,4.095311067,,,
12491,3.130101733,,,
12503,4.258525974,,,
12507,1.090543957,,,
12526,2.316547497,,,
12533,3.028459303,,,
12540,1.260682034,,,
12543,2.477871368,,,
12552,1.819500897,,,
12555,6.623348579,,,
12556,3.880689451,,,
12570,4.045594702,,,
12579,3.395507621,,,
12588,2.59145714,,,
12600,1.636540047,,,
12615,5.561243002,,,
12624,3.675705401,,,
12629,1.595836005,,,
12634,2.692459056,,,
12638,1.214354853,,,
12646,1.706925248,,,
12650,0.33867167,,,
12665,2.796681533,,,
12674,3.028058493,,,
12676,0.371101846,,,
12678,2.69196239,,,
12685,3.04981752,,,
12690,3.013052944,,,
12698,3.90416334,,,
12702,4.753400491,,,
12704,3.14591767,,,
12705,2.982118615,,,
12710,3.48853081,,,
12715,5.212278265,,,
12720,3.749729269,,,
12734,2.387845316,,,
12744,3.784415045,,,
12747,1.274565513,,,
12757,5.2208189,,,
12758,1.967926672,,,
12766,1.883197128,,,
12782,2.838823406,,,
12787,0.494662659,,,
12799,2.292581133,,,
12804,4.993727345,,,
12809,2.856368842,,,
12813,2.998452779,,,
12816,2.802569592,,,
12821,4.111683283,,,
12826,2.288057723,,,
12831,3.939064392,,,
12832,3.788852485,,,
12833,2.976601981,,,
12835,3.711277481,,,
12842,1.608615533,,,
12844,3.657236768,,,
12847,0.789265223,,,
12852,3.097705607,,,
12856,3.84597285,,,
12857,2.841453458,,,
12858,6.009282862,,,
12861,2.874742028,,,
12869,3.758511692,,,
12876,4.0447778,,,
12877,2.38416719,,,
12879,3.066308129,,,
12882,4.531147906,,,
12883,3.756078019,,,
12887,2.42744073,,,
12889,3.664723081,,,
12891,5.466543387,,,
12894,3.265664834,,,
12895,0.99304315,,,
12899,1.623969211,,,
12905,7.139063386,,,
12913,1.590626565,,,
12916,1.813329032,,,
12917,2.917423819,,,
12925,3.36503794,,,
12934,5.32357041,,,
12939,4.79997887,,,
12943,2.222047014,,,
12950,5.243477051,,,
12961,0.334404291,,,
12963,2.62525404,,,
12973,1.432980504,,,
12979,3.73915039,,,
12980,1.067570744,,,
12981,1.333030366,,,
12982,1.435376405,,,
12992,2.017920528,,,
12994,0.686624089,,,
12999,2.80093358,,,
13002,3.818107304,,,
13004,0.93388536,,,
13010,3.135821465,,,
13013,3.59880618,,,
13015,4.820465344,,,
13019,5.597680829,,,
13030,1.924819437,,,
13031,5.162064902,,,
13036,3.690837263,,,
13037,5.145676799,,,
13042,0.570806509,,,
13054,2.396179934,,,
13060,1.207639372,,,
13072,3.270060536,,,
13073,2.992271427,,,
13079,5.378072495,,,
13081,1.600337272,,,
13086,2.728995431,,,
13087,3.655603885,,,
13090,1.592509596,,,
13098,3.050605025,,,
13100,2.847054593,,,
13105,0.637898453,,,
13106,2.968806588,,,
13107,3.762922892,,,
13113,7.37958731,,,
13115,4.395097595,,,
13117,0.898557064,,,
13118,2.996254035,,,
13121,1.511077905,,,
13137,2.102399404,,,
13146,1.527867305,,,
13150,5.225477526,,,
13151,4.246669019,,,
13152,2.524308408,,,
13156,3.245753557,,,
13165,5.413817793,,,
13169,4.729010827,,,
13178,3.591366669,,,
13180,3.743275437,,,
13183,4.079206855,,,
13184,0.154879474,,,
13188,3.141350373,,,
13191,3.895606557,,,
13196,1.126254181,,,
13203,3.767340608,,,
13206,2.568529595,,,
13211,4.559231401,,,
13219,0.739055168,,,
13223,6.528367555,,,
13226,3.817408625,,,
13228,2.520457737,,,
13230,4.841447004,,,
13240,4.616341766,,,
13249,5.032263085,,,
13250,1.150881782,,,
13256,3.832364585,,,
13261,2.231514595,,,
13263,2.307267779,,,
13268,4.509549482,,,
13275,0.786164823,,,
13277,5.267472157,,,
13283,3.779756843,,,
13284,1.047642892,,,
13285,2.622686978,,,
13286,3.914442603,,,
13287,1.799749562,,,
13290,2.918777852,,,
13291,1.031977256,,,
13294,5.352844822,,,
13295,2.832778226,,,
13303,2.863784271,,,
13306,1.162449457,,,
13311,5.080601779,,,
13322,0.730696824,,,
13331,0.463967883,,,
13337,5.013883047,,,
13344,1.797777984,,,
13362,5.047345545,,,
13364,2.535399118,,,
13366,1.026721879,,,
13368,2.875786237,,,
13370,2.17779924,,,
13377,4.912543595,,,
13378,2.286845275,,,
13388,0.232040247,,,
13392,4.618082149,,,
13398,4.715417034,,,
13403,4.690699959,,,
13404,4.637349503,,,
13409,3.574012444,,,
13416,0.609711218,,,
13422,0.457896484,,,
13427,3.464243865,,,
13433,5.489267572,,,
13438,2.80655169,,,
13441,5.407094313,,,
13449,5.368649992,,,
13450,3.236814174,,,
13453,2.578839006,,,
13460,2.495740026,,,
13461,4.779357646,,,
13465,3.6317691,,,
13468,0.903296488,,,
13481,3.517066576,,,
13485,2.302219999,,,
13487,5.362790588,,,
13490,3.789681739,,,
13493,2.978939155,,,
13497,2.518395961,,,
13508,1.557557926,,,
13516,0.436211761,,,
13525,3.359331323,,,
13533,4.350214471,,,
13535,1.495099356,,,
13538,3.652351159,,,
13545,3.76060906,,,
13566,3.207617372,,,
13581,2.887164259,,,
13584,1.375021285,,,
13588,2.679680828,,,
13596,2.93970385,,,
13600,6.303213487,,,
13604,3.59881765,,,
13608,2.71380644,,,
13611,2.729543195,,,
13612,1.584259148,,,
13615,3.467589426,,,
13616,3.768328316,,,
13618,3.718274688,,,
13625,1.768376897,,,
13628,3.090866339,,,
13629,0.33513357,,,
13630,5.634989232,,,
13633,3.522394816,,,
13637,3.823111104,,,
13640,1.558861246,,,
13641,2.166078354,,,
13651,4.616090463,,,
13674,3.583857938,,,
13684,3.702172541,,,
13690,2.178970912,,,
13707,3.630815742,,,
13709,5.143041961,,,
13710,3.368763036,,,
13713,5.941046375,,,
13724,0.833166571,,,
13725,0.396246189,,,
13731,2.273034674,,,
13736,2.112578422,,,
13740,1.088335582,,,
13745,6.484831534,,,
13748,1.778864,,,
13751,0.502666395,,,
13758,2.060177909,,,
13762,0.694196772,,,
13764,4.418780795,,,
13765,2.179716981,,,
13769,2.172261607,,,
13770,1.998689241,,,
13774,4.68324263,,,
13787,3.000608056,,,
13791,1.051030288,,,
13802,2.21328531,,,
13807,2.505359062,,,
13808,1.967874671,,,
13809,0.529603365,,,
13810,3.590933345,,,
13822,4.397643067,,,
13823,2.980209798,,,
13825,3.660173716,,,
13826,1.046813902,,,
13833,3.569753023,,,
13837,2.988490057,,,
13842,3.620307362,,,
13846,3.196242108,,,
13852,4.64609586,,,
13853,1.040019513,,,
13858,0.981658204,,,
13860,1.738065649,,,
13866,2.153844493,,,
13886,0.862726212,,,
13887,0.221012041,,,
13890,2.937837932,,,
13891,3.055984687,,,
13893,2.493690659,,,
13902,6.387244767,,,
13903,1.875560181,,,
13908,4.013588775,,,
13912,2.030550776,,,
13924,1.12152364,,,
13928,2.822539965,,,
13929,3.471111062,,,
13938,4.41119449,,,
13939,2.566300861,,,
13941,5.03455932,,,
13951,1.665388223,,,
13962,1.353993501,,,
13964,2.451225752,,,
13967,3.058666533,,,
13971,3.470800786,,,
13972,4.183373231,,,
13975,0.081776875,,,
13977,2.697415595,,,
13979,4.342054052,,,
13983,1.456445602,,,
13984,3.466703542,,,
13987,1.523224017,,,
13994,4.488669145,,,
13999,2.899226811,,,
14003,5.77303441,,,
14008,4.657304614,,,
14011,5.470998804,,,
14012,2.323236512,,,
14016,2.868478871,,,
14017,2.777661716,,,
14020,1.166095952,,,
14027,0.729344027,,,
14038,3.749364701,,,
14040,5.297754023,,,
14042,2.438217202,,,
14055,1.748237318,,,
14057,5.133066757,,,
14060,0.792900741,,,
14081,1.75392055,,,
14091,3.648950006,,,
14111,2.9452325,,,
14117,5.453953339,,,
14121,3.647925981,,,
14122,5.007330787,,,
14125,2.138142598,,,
14129,0.846716837,,,
14135,0.484554545,,,
14148,0.764292863,,,
14157,3.716108781,,,
14161,1.299822297,,,
14163,1.240054595,,,
14172,3.261790174,,,
14180,0.803822973,,,
14182,4.713088679,,,
14188,1.380740683,,,
14191,2.782171201,,,
14201,6.809861095,,,
14202,3.787581342,,,
14213,3.861356091,,,
14220,1.313822019,,,
14224,2.526502143,,,
14231,1.612543254,,,
14241,5.118334168,,,
14243,4.137152239,,,
14245,2.545381892,,,
14247,2.170091515,,,
14248,2.962170194,,,
14252,2.977747526,,,
14254,4.362609477,,,
14260,3.119775186,,,
14269,4.556388519,,,
14272,0.564871821,,,
14274,3.883411988,,,
14279,2.863075307,,,
14280,5.497939986,,,
14290,3.146769752,,,
14298,7.640605082,,,
14308,4.307934624,,,
14313,4.097963408,,,
14316,3.894477635,,,
14319,5.434792014,,,
14322,0.322119671,,,
14323,2.95104816,,,
14325,6.527062338,,,
14337,3.855303671,,,
14339,4.010579454,,,
14341,3.020555148,,,
14342,5.132623068,,,
14346,5.838988215,,,
14351,3.952205316,,,
14354,0.9144322,,,
14355,0.681569144,,,
14358,6.464323997,,,
14359,0.6841508,,,
14364,3.737740404,,,
14374,1.608380745,,,
14376,1.873977461,,,
14382,2.715279374,,,
14384,2.783576787,,,
14393,1.4924161,,,
14398,3.22047093,,,
14403,4.195373134,,,
14406,0.809121256,,,
14408,3.775393631,,,
14411,1.277419799,,,
14414,4.068120905,,,
14418,2.591716936,,,
14423,3.687189533,,,
14442,4.005999538,,,
14443,3.748097185,,,
14444,2.92476133,,,
14446,3.306368075,,,
14455,3.231151223,,,
14456,4.523215665,,,
14458,3.621259341,,,
14464,4.156698285,,,
14466,4.99947996,,,
14467,3.097391269,,,
14469,3.155305043,,,
14483,0.514044941,,,
14484,3.027967511,,,
14490,2.633678826,,,
14491,2.328549564,,,
14494,3.124167464,,,
14496,3.766977756,,,
14503,1.261720814,,,
14504,2.851664587,,,
14505,2.877341993,,,
14506,1.415474696,,,
14507,0.887568467,,,
14512,1.524983165,,,
14520,4.870911557,,,
14527,2.22664666,,,
14531,5.419326905,,,
14532,0.81580928,,,
14535,2.383374985,,,
14543,1.305274542,,,
14554,3.706093715,,,
14556,6.558889459,,,
14557,3.659321671,,,
14561,2.28462949,,,
14562,3.472107811,,,
14567,1.420393928,,,
14568,1.608993785,,,
14574,3.315793609,,,
14575,3.06917073,,,
14579,3.012074789,,,
14581,3.728109798,,,
14582,2.020506708,,,
14586,1.114396419,,,
14591,2.662465054,,,
14598,3.244627135,,,
14599,3.035273041,,,
14600,1.204588218,,,
14612,4.370321054,,,
14613,1.676290559,,,
14624,5.250103084,,,
14626,3.016962698,,,
14630,4.214133235,,,
14633,2.29869803,,,
14639,2.667100309,,,
14642,3.43192395,,,
14643,4.424798703,,,
14649,2.301926098,,,
14650,2.109444554,,,
14653,1.827453264,,,
14655,2.490847548,,,
14656,2.513476574,,,
14662,3.55485135,,,
14663,1.268420412,,,
14673,2.783510751,,,
14674,2.490939169,,,
14676,3.721870273,,,
14682,2.288450144,,,
14685,4.788710562,,,
14689,2.880519544,,,
14693,3.280048772,,,
14697,3.006991738,,,
14700,2.990327528,,,
14704,0.91099866,,,
14710,3.211094459,,,
14719,3.313298889,,,
14724,4.361901341,,,
14728,4.183617665,,,
14735,3.358591171,,,
14736,2.423495969,,,
14741,1.21830814,,,
14744,0.364584216,,,
14753,1.223335744,,,
14756,4.058106695,,,
14762,5.11987376,,,
14765,4.3832114,,,
14783,4.894964138,,,
14784,2.496773541,,,
14786,0.725717993,,,
14790,1.746597749,,,
14793,2.81518634,,,
14796,5.683459219,,,
14801,0.635154563,,,
14807,0.866716241,,,
14812,4.056286793,,,
14815,5.216689,,,
14831,4.369105334,,,
14833,5.793345791,,,
14836,5.900053244,,,
14856,3.890937998,,,
14859,3.097247768,,,
14861,3.616169006,,,
14863,0.379700771,,,
14865,1.515810933,,,
14880,1.186824416,,,
14881,3.744114839,,,
14883,1.168643896,,,
14884,4.873331357,,,
14894,3.692358714,,,
14896,4.060003168,,,
14899,2.931214321,,,
14900,3.014320324,,,
14901,1.852631937,,,
14906,3.533145811,,,
14907,0.7471755,,,
14915,5.01117902,,,
14919,2.477712287,,,
14926,5.903536799,,,
14927,2.227474666,,,
14933,2.716736105,,,
14937,2.839346007,,,
14939,2.908495844,,,
14940,1.62432843,,,
14943,1.093032212,,,
14953,3.467296592,,,
14954,2.44838463,,,
14969,3.46277498,,,
14999,7.703187827,,,
15008,3.808810553,,,
15009,3.767543395,,,
15018,4.812798149,,,
15023,3.889962867,,,
15025,1.507932945,,,
15034,3.870021206,,,
15036,4.248904912,,,
15051,1.735564979,,,
15052,2.91737424,,,
15064,3.487183176,,,
15070,3.468125615,,,
15074,4.497898815,,,
15077,4.510423826,,,
15081,3.656268859,,,
15086,5.848611938,,,
15093,0.757449894,,,
15094,0.289388463,,,
15103,2.421727228,,,
15104,1.671578867,,,
15110,1.89018595,,,
15112,2.188996883,,,
15115,5.700710489,,,
15131,1.032937593,,,
15139,2.53763253,,,
15141,3.520749586,,,
15148,0.791326008,,,
15154,5.667930578,,,
15156,3.153672997,,,
15161,1.665506723,,,
15167,2.781547116,,,
15178,4.025898601,,,
15205,4.341161592,,,
15207,1.827436552,,,
15222,3.636080763,,,
15223,4.309501185,,,
15225,3.976785467,,,
15228,4.399504124,,,
15239,2.497860235,,,
15241,1.284615367,,,
15246,1.764099215,,,
15247,1.456457831,,,
15249,3.230788922,,,
15255,3.31202853,,,
15257,1.838948131,,,
15267,1.583617446,,,
15277,2.938751547,,,
15280,5.086709584,,,
15289,4.509926503,,,
15297,1.517799246,,,
15302,0.869858498,,,
15304,1.447549235,,,
15312,0.915029757,,,
15321,0.495627071,,,
15325,0.941656623,,,
15326,4.756638591,,,
15333,4.521215452,,,
15337,0.917901855,,,
15338,3.082257681,,,
15340,5.677691993,,,
15342,2.118009535,,,
15344,2.829282158,,,
15347,0.858133153,,,
15349,5.372953238,,,
15355,2.087012001,,,
15359,1.40885021,,,
15366,0.673778756,,,
15367,0.317308399,,,
15368,1.079882448,,,
15369,4.425203322,,,
15380,3.692629557,,,
15381,3.107420322,,,
15387,0.069332439,,,
15388,3.01028636,,,
15389,0.103944769,,,
15392,1.677738843,,,
15400,2.836418927,,,
15405,2.965231518,,,
15407,3.462377789,,,
15408,6.753974456,,,
15411,3.130302344,,,
15413,4.08450213,,,
15418,4.615940668,,,
15419,5.03579912,,,
15421,2.904066542,,,
15425,2.768555843,,,
15436,3.500571525,,,
15438,4.14174445,,,
15440,3.987339836,,,
15443,3.765603645,,,
15460,2.565973936,,,
15464,1.414386942,,,
15465,2.780924086,,,
15473,1.357618075,,,
15475,2.265946559,,,
15483,1.864434353,,,
15494,4.597936749,,,
15495,7.180752085,,,
15498,3.164036283,,,
15499,2.831564348,,,
15500,0.497952469,,,
15501,1.068299371,,,
15510,2.323489588,,,
15512,2.453224573,,,
15516,2.631132016,,,
15518,5.166662053,,,
15519,3.495301204,,,
15524,2.905562153,,,
15527,0.892521931,,,
15529,1.60497765,,,
15530,1.448504331,,,
15538,0.380642434,,,
15539,3.040934461,,,
15541,0.690381977,,,
15546,2.079175783,,,
15547,3.244439635,,,
15548,1.651406454,,,
15552,1.667666964,,,
15556,5.138214552,,,
15567,2.732411257,,,
15572,2.583873648,,,
15573,4.881479293,,,
15574,3.520824298,,,
15577,1.180357774,,,
15579,3.736227185,,,
15581,2.394768378,,,
15589,1.743279322,,,
15596,1.963553772,,,
15598,4.80476413,,,
15599,4.143735871,,,
15605,6.595952992,,,
15606,4.293577051,,,
15608,3.908190916,,,
15616,4.669645946,,,
15618,0.866464398,,,
15621,0.6922292,,,
15626,0.88688337,,,
15638,2.943349618,,,
15639,1.894223284,,,
15642,1.948620659,,,
15644,2.741874504,,,
15646,5.53077978,,,
15649,4.507284958,,,
15656,1.656790826,,,
15659,0.697720627,,,
15680,0.799596644,,,
15686,4.165361394,,,
15693,1.028190609,,,
15697,4.821598431,,,
15699,5.06582172,,,
15701,4.846132347,,,
15705,1.795711029,,,
15714,2.504416979,,,
15722,3.990222688,,,
15728,3.695445654,,,
15734,3.106197635,,,
15752,2.117168898,,,
15756,3.812202458,,,
15760,3.938298094,,,
15762,4.128922845,,,
15767,3.308274175,,,
15768,1.064164351,,,
15773,5.137486538,,,
15774,3.574575236,,,
15781,3.297607774,,,
15782,2.90625071,,,
15784,7.843991092,,,
15791,1.990205768,,,
15796,4.679340025,,,
15798,5.140708696,,,
15806,1.444582944,,,
15814,0.825906306,,,
15819,3.023828023,,,
15825,3.518317134,,,
15826,4.487100076,,,
15831,3.937356637,,,
15835,5.527851735,,,
15836,1.729440001,,,
15839,4.661788143,,,
15845,3.122558036,,,
15858,1.066257101,,,
15859,3.589309683,,,
15876,4.674952242,,,
15878,4.271290187,,,
15880,0.990687351,,,
15886,4.301518364,,,
15888,1.827382387,,,
15891,3.452165371,,,
15900,2.050761972,,,
15902,4.192675076,,,
15904,2.827322577,,,
15908,2.322842648,,,
15910,1.01798572,,,
15917,3.673564913,,,
15919,4.873750792,,,
15924,3.143926698,,,
15927,2.796749883,,,
15937,1.752703766,,,
15946,2.972116951,,,
15949,2.883430347,,,
15957,5.19903138,,,
15961,4.266197026,,,
15964,2.39182829,,,
15965,3.185893379,,,
15966,0.587088698,,,
15978,1.940195709,,,
15983,0.617648478,,,
15987,2.371571039,,,
15988,2.649109451,,,
15998,2.47136856,,,
16004,2.851804283,,,
16008,3.267807291,,,
16011,1.017671776,,,
16023,2.633614211,,,
16024,2.486679657,,,
16025,3.080589987,,,
16048,6.108612596,,,
16050,2.250290231,,,
16051,1.167762178,,,
16057,0.64250791,,,
16059,5.35128571,,,
16060,3.677945171,,,
16075,4.205607803,,,
16094,6.80560979,,,
16096,5.238973193,,,
16116,1.385056976,,,
16118,1.838097645,,,
16121,2.352640631,,,
16122,3.658050183,,,
16124,6.004619946,,,
16125,3.531459194,,,
16126,2.868861283,,,
16130,4.184949495,,,