"","INDEX","P_TARGET_FLAG","P_TARGET_AMT"
"1","3",0.263590079430641,1865.30931
"2","9",0.38310196883687,1512.4509
"3","10",0.166941252930145,1415.09808
"4","18",0.263283225213015,1466.1297
"5","21",0.453063601617402,1512.4509
"6","30",0.23297340694305,2015.469
"7","31",0.325987795580283,1461.4371
"8","37",0.40562008254654,2015.469
"9","39",0.0277761078462518,1512.4509
"10","47",0.172646451597117,1461.4371
"11","60",0.0513234421129098,1512.4509
"12","62",0.592014553162313,1512.4509
"13","63",0.767641833059147,1461.4371
"14","64",0.192418345260616,1512.4509
"15","68",0.0479551728151851,1512.4509
"16","75",0.637047976497198,1415.09808
"17","76",0.515845132970958,1461.4371
"18","83",0.270588254453805,2015.469
"19","87",0.470453288605404,1461.4371
"20","92",0.359505614070827,1415.09808
"21","98",0.129731702386843,1865.30931
"22","106",0.261061496507676,1461.4371
"23","107",0.0846224935543046,1512.4509
"24","113",0.256071230715847,1415.09808
"25","120",0.363922569013464,1415.09808
"26","123",0.257245173387359,1415.09808
"27","125",0.562468243199411,1466.1297
"28","126",0.178776576083392,1415.09808
"29","128",0.110707247977214,1415.09808
"30","129",0.143816769841549,1865.30931
"31","131",0.208384941199706,1415.09808
"32","135",0.421722439747101,1865.30931
"33","141",0.210037161396234,1512.4509
"34","147",0.26320483541167,1865.30931
"35","148",0.19463565747805,1415.09808
"36","151",0.0306270939019983,1415.09808
"37","156",0.135904685545849,1512.4509
"38","157",0.302197484026654,1466.1297
"39","174",0.148343612585243,1466.1297
"40","186",0.41954707803686,1415.09808
"41","193",0.449556481231107,1466.1297
"42","195",0.468324042113145,1415.09808
"43","212",0.0190968032189274,1865.30931
"44","213",0.209892326283515,1461.4371
"45","217",0.0135988224243475,1512.4509
"46","223",0.324688061111348,1466.1297
"47","226",0.0998547064542643,1415.09808
"48","228",0.274384804593396,1865.30931
"49","230",0.0224238613402006,1466.1297
"50","241",0.49886389190153,1415.09808
"51","243",0.240754670834337,1466.1297
"52","249",0.226933106076401,1461.4371
"53","281",0.646694973567448,1466.1297
"54","288",0.250830197624897,1512.4509
"55","294",0.279255718711307,1466.1297
"56","295",0.359922451646478,1512.4509
"57","300",0.494830762311451,2015.469
"58","302",0.462643803534475,1415.09808
"59","303",0.172056923184326,1466.1297
"60","308",0.467563905861574,1415.09808
"61","319",0.0226240110382096,1415.09808
"62","320",0.11514352282742,1415.09808
"63","324",0.402704589648037,1865.30931
"64","331",0.365135040870582,1512.4509
"65","343",0.125523956389668,1512.4509
"66","347",0.288993334893493,1461.4371
"67","348",0.798139702360398,1415.09808
"68","350",0.561796837121187,1512.4509
"69","357",0.155826878695529,1415.09808
"70","358",0.0980880874568338,1415.09808
"71","360",0.0879780213491217,1512.4509
"72","366",0.383066975710149,1512.4509
"73","367",0.588394914092081,1415.09808
"74","368",0.489041344841953,1466.1297
"75","376",0.625815467168625,1466.1297
"76","380",0.322114075445873,1415.09808
"77","388",0.314228637238002,1415.09808
"78","396",0.376101524436335,1512.4509
"79","398",0.154653843023236,1512.4509
"80","403",0.0280603299668547,1415.09808
"81","410",0.477420431588129,1415.09808
"82","412",0.349911482436594,1415.09808
"83","420",0.362146934668046,1466.1297
"84","434",0.0266248368781587,1865.30931
"85","440",0.463521619774389,1466.1297
"86","450",0.532927331896317,1865.30931
"87","453",0.243580695450348,1865.30931
"88","464",0.364114239202541,1466.1297
"89","465",0.147273370958715,1512.4509
"90","466",0.633747025209387,1461.4371
"91","473",0.0872918668274337,1865.30931
"92","476",0.0578218938897917,1461.4371
"93","478",0.122918619974166,2015.469
"94","479",0.180274693357937,1415.09808
"95","493",0.0417161216664984,1865.30931
"96","497",0.212314450389289,2015.469
"97","503",0.0250639262083084,1512.4509
"98","504",0.14442172106353,1461.4371
"99","505",0.239575087643944,1865.30931
"100","507",0.175114309397045,1466.1297
"101","513",0.360470290731425,1415.09808
"102","519",0.283996750975245,1865.30931
"103","521",0.513426716740295,1466.1297
"104","522",0.416903000565862,1865.30931
"105","545",0.088508251003965,1512.4509
"106","549",0.201833321584607,1512.4509
"107","551",0.176226552826841,1466.1297
"108","556",0.0868226114779106,1466.1297
"109","557",0.4979672730305,1415.09808
"110","559",0.168736243623734,1512.4509
"111","560",0.412849488657259,1415.09808
"112","566",0.0814412862426359,1512.4509
"113","569",0.138632965475908,1415.09808
"114","573",0.177502854991385,1415.09808
"115","578",0.598046677173324,1415.09808
"116","579",0.0272931257603541,1461.4371
"117","582",0.00977226978544388,1512.4509
"118","596",0.61229549139645,1461.4371
"119","598",0.442083549934688,1512.4509
"120","599",0.227838023111391,1415.09808
"121","602",0.174860252129469,1461.4371
"122","605",0.674418693598067,1466.1297
"123","617",0.530363602684675,1415.09808
"124","619",0.312549440130909,1415.09808
"125","630",0.155017070223967,1865.30931
"126","634",0.446308040175325,1512.4509
"127","643",0.416613561067727,1466.1297
"128","645",0.15223928015842,1461.4371
"129","647",0.292720008458524,1415.09808
"130","649",0.139959044753623,1512.4509
"131","656",0.0946425311625399,1415.09808
"132","657",0.0739368425030957,1466.1297
"133","658",0.245658373520605,1466.1297
"134","667",0.0767707611350882,1466.1297
"135","692",0.156590661190988,2015.469
"136","693",0.283400558814577,1512.4509
"137","698",0.754208521688707,1466.1297
"138","699",0.486082446016169,2015.469
"139","700",0.0533481216937476,1865.30931
"140","704",0.0823730966603074,1461.4371
"141","707",0.174602780611116,1466.1297
"142","708",0.585483585793582,1461.4371
"143","709",0.243846949999981,1512.4509
"144","713",0.18036250936307,1466.1297
"145","714",0.139871515168983,1512.4509
"146","716",0.637812178736518,1461.4371
"147","718",0.184061961745598,1466.1297
"148","722",0.243231613704802,1512.4509
"149","729",0.568299289032398,2015.469
"150","731",0.0547325062906125,1512.4509
"151","733",0.606650235814692,1415.09808
"152","746",0.302710756854796,1512.4509
"153","747",0.550062056050439,1461.4371
"154","748",0.48852848195329,1415.09808
"155","753",0.283912145148463,1461.4371
"156","757",0.670353854407938,1512.4509
"157","763",0.036739092954151,1512.4509
"158","767",0.147564749809789,1466.1297
"159","774",0.516870333248704,1512.4509
"160","776",0.486260289611018,1512.4509
"161","788",0.18851275028922,1415.09808
"162","794",0.251680113392802,1466.1297
"163","799",0.379207189635388,1415.09808
"164","803",0.164029128030883,1466.1297
"165","806",0.287893699610475,1865.30931
"166","807",0.36532071499835,1415.09808
"167","811",0.0813648226698203,2015.469
"168","816",0.268179281400973,1512.4509
"169","818",0.223789253755349,1415.09808
"170","819",0.114272531984106,1865.30931
"171","831",0.0737902651341508,1512.4509
"172","835",0.411909822316224,2015.469
"173","837",0.300972912627087,2015.469
"174","841",0.860342261041371,2015.469
"175","846",0.375503509987975,1466.1297
"176","856",0.368879015814301,1415.09808
"177","861",0.382064524780962,2015.469
"178","862",0.602845680865111,1466.1297
"179","863",0.526848529972294,1461.4371
"180","865",0.64348681356391,1415.09808
"181","871",0.488479674987311,1512.4509
"182","879",0.214556945262962,2015.469
"183","880",0.164672598256904,1466.1297
"184","881",0.373337905337219,1466.1297
"185","885",0.413896085409227,2015.469
"186","887",0.348450071963463,1415.09808
"187","892",0.0957884723764665,1865.30931
"188","898",0.154114381048818,1512.4509
"189","900",0.156370764120743,1512.4509
"190","904",0.43278206716917,1865.30931
"191","906",0.373586302807076,1415.09808
"192","910",0.388418119202588,1461.4371
"193","912",0.159125625372451,2015.469
"194","913",0.455142177435908,1512.4509
"195","919",0.170213216830887,1512.4509
"196","924",0.338237627023843,1461.4371
"197","925",0.266401795041795,1461.4371
"198","930",0.263810568856255,1865.30931
"199","940",0.178953563533583,1461.4371
"200","941",0.0949800550813227,1415.09808
"201","946",0.182132264437927,1865.30931
"202","949",0.424326806541316,1415.09808
"203","951",0.0965461137741204,1512.4509
"204","962",0.0938078033707102,1512.4509
"205","966",0.129234204539217,1466.1297
"206","967",0.0208895746314481,1415.09808
"207","971",0.822680160759061,1466.1297
"208","981",0.0413221462929598,1512.4509
"209","982",0.0595356638500651,1512.4509
"210","983",0.155048548752485,1415.09808
"211","984",0.0547821352380186,1466.1297
"212","989",0.291037931450539,1512.4509
"213","990",0.32249317207423,1415.09808
"214","992",0.557244515170124,1415.09808
"215","995",0.0364073878154014,1461.4371
"216","996",0.333691943204799,2015.469
"217","998",0.40995465859959,1461.4371
"218","1001",0.135266035295531,1512.4509
"219","1007",0.212143253730235,2015.469
"220","1008",0.049877208858405,2015.469
"221","1016",0.037047546591165,1466.1297
"222","1022",0.103592831623942,1512.4509
"223","1027",0.291285609424499,1512.4509
"224","1032",0.304942324671981,1415.09808
"225","1033",0.27615599135315,1512.4509
"226","1041",0.383363286616143,1512.4509
"227","1065",0.683022067619172,1512.4509
"228","1074",0.390301965775713,1415.09808
"229","1075",0.320349388686837,1865.30931
"230","1081",0.140092837505947,1415.09808
"231","1094",0.068901840543057,1512.4509
"232","1099",0.130216431669156,1512.4509
"233","1105",0.668943333478001,1512.4509
"234","1123",0.0801395876641918,1415.09808
"235","1135",0.00829763749759153,1461.4371
"236","1142",0.24781131391936,1512.4509
"237","1155",0.125499661940979,1512.4509
"238","1169",0.0401327275368699,1512.4509
"239","1176",0.0666280609107321,1865.30931
"240","1178",0.661928936093022,1461.4371
"241","1180",0.0442434793057378,1512.4509
"242","1184",0.145118434771657,1415.09808
"243","1185",0.54457111674695,1512.4509
"244","1193",0.32321469057007,1865.30931
"245","1196",0.253234277262399,1512.4509
"246","1199",0.303920651974528,1415.09808
"247","1203",0.275340616560479,1415.09808
"248","1205",0.229048997172599,1461.4371
"249","1207",0.0325142990068026,1415.09808
"250","1208",0.624732015233712,1512.4509
"251","1212",0.435809311688435,1461.4371
"252","1213",0.394144698673324,1466.1297
"253","1222",0.0748457416561056,1512.4509
"254","1223",0.391867931825515,1466.1297
"255","1226",0.35453894207703,1415.09808
"256","1227",0.326315179774721,1461.4371
"257","1229",0.121357469018034,1466.1297
"258","1230",0.290654928856446,1415.09808
"259","1231",0.360239002433873,1461.4371
"260","1241",0.0816156117996195,1512.4509
"261","1243",0.0355295433664448,1461.4371
"262","1244",0.220726402122579,2015.469
"263","1246",0.254836640507535,1415.09808
"264","1248",0.221306781596834,1512.4509
"265","1249",0.342491676813798,1512.4509
"266","1252",0.183948469210868,1512.4509
"267","1261",0.107425462765773,1415.09808
"268","1275",0.134965132367081,1512.4509
"269","1281",0.825532013214403,1865.30931
"270","1285",0.340615663295383,1461.4371
"271","1288",0.480801372533708,1415.09808
"272","1290",0.0673685636781281,1512.4509
"273","1291",0.130228714090142,1415.09808
"274","1304",0.787398193855888,1865.30931
"275","1305",0.0915023965682909,1865.30931
"276","1323",0.168192539376402,2015.469
"277","1342",0.592842020363648,1415.09808
"278","1348",0.142170725523948,1466.1297
"279","1353",0.223742182797124,1415.09808
"280","1363",0.177330542428557,1415.09808
"281","1371",0.34089852402282,1512.4509
"282","1372",0.31346600803833,2015.469
"283","1378",0.166672245510262,1461.4371
"284","1381",0.324862998650906,1415.09808
"285","1382",0.411710429245374,1415.09808
"286","1393",0.36510879520873,1466.1297
"287","1394",0.0457277444205627,1512.4509
"288","1398",0.240651343690723,1461.4371
"289","1404",0.57093744781579,1466.1297
"290","1405",0.661807393759755,1415.09808
"291","1419",0.229698915566133,1461.4371
"292","1421",0.223027880024422,1466.1297
"293","1426",0.0882150272683219,1415.09808
"294","1431",0.444091996977436,1466.1297
"295","1435",0.0273042216254901,1512.4509
"296","1437",0.241249409589768,1415.09808
"297","1438",0.202800213563784,1865.30931
"298","1442",0.349705059216595,1461.4371
"299","1464",0.255616141345477,1512.4509
"300","1471",0.621065447772133,1415.09808
"301","1473",0.200446742065078,2015.469
"302","1476",0.0459713546951621,1461.4371
"303","1478",0.309330765222636,1466.1297
"304","1479",0.531739159980166,1461.4371
"305","1487",0.343569771083899,1461.4371
"306","1492",0.575689907126798,1466.1297
"307","1496",0.261370196165644,1512.4509
"308","1497",0.353783056050333,1461.4371
"309","1515",0.0206726490867658,1466.1297
"310","1519",0.21717417442964,1865.30931
"311","1522",0.624528903104669,1466.1297
"312","1526",0.201883957017998,1415.09808
"313","1537",0.0980453379958551,1512.4509
"314","1538",0.76570591377384,1466.1297
"315","1540",0.162936990917067,1415.09808
"316","1543",0.116637740454911,1512.4509
"317","1548",0.258234389828811,1415.09808
"318","1549",0.105426738654446,1512.4509
"319","1556",0.626338730333973,1466.1297
"320","1564",0.0516078710148846,1512.4509
"321","1570",0.330143734509163,1512.4509
"322","1577",0.357803626605561,1466.1297
"323","1585",0.362846023305221,1466.1297
"324","1590",0.347003515354371,1466.1297
"325","1592",0.563613670561799,1461.4371
"326","1594",0.301999131616657,1415.09808
"327","1596",0.575014714871148,1415.09808
"328","1598",0.235919804586083,1461.4371
"329","1603",0.278037578024548,1415.09808
"330","1607",0.220771755210646,1461.4371
"331","1612",0.0748391621551292,1466.1297
"332","1627",0.0494051714719253,1466.1297
"333","1629",0.745418079502622,1415.09808
"334","1630",0.134480853182411,1466.1297
"335","1640",0.6482753649581,1512.4509
"336","1641",0.210618451850083,1512.4509
"337","1646",0.126365153748504,1461.4371
"338","1662",0.454587596453427,1466.1297
"339","1668",0.144401165520201,2015.469
"340","1671",0.0553779498671512,1415.09808
"341","1672",0.455431550259026,1466.1297
"342","1673",0.585700923388811,1512.4509
"343","1686",0.361024730015877,1415.09808
"344","1688",0.569533170077169,1461.4371
"345","1696",0.0352348606638718,2015.469
"346","1701",0.0517463084607698,1466.1297
"347","1707",0.192310850198645,1512.4509
"348","1708",0.0595719809669132,1461.4371
"349","1713",0.0309108203087977,1415.09808
"350","1715",0.21331601241776,1461.4371
"351","1717",0.0295793556509424,1415.09808
"352","1721",0.0886322733155456,1865.30931
"353","1724",0.683839606252056,1466.1297
"354","1725",0.59379778809001,1415.09808
"355","1730",0.040412173248137,1415.09808
"356","1731",0.537967636623788,1461.4371
"357","1734",0.37314055927751,1466.1297
"358","1740",0.208182758437938,1865.30931
"359","1748",0.0778949935448077,1512.4509
"360","1749",0.0705619953857036,1415.09808
"361","1750",0.681092984312212,1415.09808
"362","1763",0.150522478916488,1415.09808
"363","1768",0.0863108323728659,1415.09808
"364","1773",0.249665844786708,1466.1297
"365","1777",0.197942537740614,1512.4509
"366","1778",0.281897087159127,1512.4509
"367","1780",0.173208716113599,1415.09808
"368","1782",0.20226732913466,1461.4371
"369","1784",0.0434756592823633,1461.4371
"370","1786",0.13457101651266,1415.09808
"371","1787",0.16763716587666,1415.09808
"372","1792",0.251603146309055,2015.469
"373","1800",0.460512167456415,1865.30931
"374","1801",0.247551217066986,1512.4509
"375","1803",0.205709714371584,1415.09808
"376","1804",0.601046766716887,1466.1297
"377","1807",0.0256476200459104,1512.4509
"378","1818",0.421587082314687,2015.469
"379","1821",0.0241012740301651,2015.469
"380","1822",0.0424916689352901,1415.09808
"381","1828",0.111493347844562,1466.1297
"382","1833",0.206654983689812,1415.09808
"383","1844",0.244062535206607,2015.469
"384","1847",0.325100050690257,1466.1297
"385","1850",0.238975092906948,1512.4509
"386","1854",0.404691029751756,1461.4371
"387","1858",0.286256403986952,1865.30931
"388","1864",0.220659775438313,1415.09808
"389","1867",0.166828236770783,1512.4509
"390","1876",0.754997438586162,1512.4509
"391","1880",0.373486559317671,2015.469
"392","1881",0.185955530323867,1512.4509
"393","1891",0.194570367193095,1415.09808
"394","1894",0.168386237824976,2015.469
"395","1895",0.0331834243810865,1415.09808
"396","1901",0.469940184192146,1415.09808
"397","1905",0.0590016101499793,1415.09808
"398","1912",0.213987848862492,1415.09808
"399","1918",0.251030176810929,1512.4509
"400","1921",0.400848273783096,1466.1297
"401","1923",0.255685338245104,1461.4371
"402","1924",0.0926241453725461,1461.4371
"403","1931",0.137949384016966,1512.4509
"404","1941",0.0982304316856291,1466.1297
"405","1950",0.111398320569973,1466.1297
"406","1951",0.241228145378128,1461.4371
"407","1954",0.0372628991210059,1512.4509
"408","1961",0.611172600857369,1865.30931
"409","1966",0.0349669086419245,1512.4509
"410","1979",0.135135854389546,1466.1297
"411","1982",0.14569680897856,1512.4509
"412","1987",0.712281272433571,1415.09808
"413","1997",0.467718281470299,1865.30931
"414","2004",0.0595040796605853,1512.4509
"415","2011",0.574057822943042,1466.1297
"416","2015",0.255578514299612,1415.09808
"417","2025",0.0293399578296331,1466.1297
"418","2033",0.26357143357984,1461.4371
"419","2034",0.00959769436679974,1512.4509
"420","2035",0.10940849520693,1415.09808
"421","2036",0.517120841553296,1461.4371
"422","2053",0.564041270530584,1865.30931
"423","2059",0.789474720188545,1415.09808
"424","2060",0.017423417267318,1415.09808
"425","2073",0.227773460913334,1512.4509
"426","2084",0.361535796772612,1415.09808
"427","2089",0.130091778861428,1415.09808
"428","2092",0.194267429253401,1461.4371
"429","2109",0.466037464054693,1466.1297
"430","2129",0.303509887940073,1461.4371
"431","2134",0.233344980716864,1415.09808
"432","2135",0.0442649904748614,1512.4509
"433","2148",0.0468879614500272,1512.4509
"434","2149",0.0303516566744166,1512.4509
"435","2150",0.381142249526238,1466.1297
"436","2165",0.771560633084696,1865.30931
"437","2166",0.0600603733976423,1865.30931
"438","2168",0.154028562801527,1512.4509
"439","2170",0.312907012583555,1415.09808
"440","2171",0.114445512381936,1415.09808
"441","2172",0.0491179561629619,1466.1297
"442","2176",0.31528369023393,1512.4509
"443","2182",0.106417423724163,1415.09808
"444","2189",0.145768122579106,1461.4371
"445","2191",0.0660866519106861,1512.4509
"446","2197",0.0213923041239317,1415.09808
"447","2202",0.0950141691284953,1461.4371
"448","2203",0.278432262745301,1415.09808
"449","2204",0.526161701720796,1415.09808
"450","2206",0.649795788587667,1415.09808
"451","2218",0.0731064245051497,1466.1297
"452","2219",0.294661671355927,1512.4509
"453","2221",0.402564195118512,1512.4509
"454","2226",0.126972795712426,1512.4509
"455","2228",0.474146863461554,1415.09808
"456","2232",0.626456621023735,1512.4509
"457","2236",0.485769520679536,1512.4509
"458","2241",0.724833944246142,1466.1297
"459","2245",0.0967836342663784,1512.4509
"460","2251",0.20197099563088,1461.4371
"461","2255",0.0480470198185585,1466.1297
"462","2256",0.0322572932117074,1512.4509
"463","2259",0.0390192764720594,1512.4509
"464","2263",0.23916224915139,1512.4509
"465","2264",0.112713047868059,1512.4509
"466","2267",0.126537833807938,1512.4509
"467","2273",0.658349945603857,1466.1297
"468","2277",0.522864998260824,1415.09808
"469","2287",0.272331457979799,1466.1297
"470","2289",0.267285112299471,1461.4371
"471","2291",0.116313213911831,1512.4509
"472","2296",0.666672618172552,1466.1297
"473","2299",0.0570811836873913,2015.469
"474","2306",0.0420526322351181,1415.09808
"475","2314",0.406867270738498,1466.1297
"476","2317",0.0208192273521643,1461.4371
"477","2318",0.278431600799212,2015.469
"478","2321",0.82647811462557,1415.09808
"479","2324",0.0279429716721192,1415.09808
"480","2340",0.260243765831853,1415.09808
"481","2343",0.0944493966405328,1512.4509
"482","2349",0.386328042440157,1512.4509
"483","2352",0.186866287716557,2015.469
"484","2353",0.390119502955085,1466.1297
"485","2365",0.640911017066902,1461.4371
"486","2370",0.40944287624603,1461.4371
"487","2378",0.562971507977368,1512.4509
"488","2390",0.387250340657538,1415.09808
"489","2399",0.181194229993446,1512.4509
"490","2402",0.667037033308716,1512.4509
"491","2403",0.341180767468566,1415.09808
"492","2404",0.125359950974252,1512.4509
"493","2414",0.234998783183561,1512.4509
"494","2422",0.161455469399795,1466.1297
"495","2424",0.244236042160764,2015.469
"496","2430",0.618891743164193,1415.09808
"497","2435",0.240358061707042,1512.4509
"498","2439",0.0905428653037662,1466.1297
"499","2442",0.350050320956367,1466.1297
"500","2445",0.34805123054254,1512.4509
"501","2449",0.229281402089543,2015.469
"502","2451",0.172053750296723,1415.09808
"503","2461",0.805904028431872,1415.09808
"504","2464",0.321541835532989,1512.4509
"505","2465",0.312627229677212,1466.1297
"506","2472",0.063552621965225,1466.1297
"507","2476",0.525965969918438,1512.4509
"508","2482",0.165625332566133,1415.09808
"509","2487",0.0739024627853533,1415.09808
"510","2498",0.205867528780035,1415.09808
"511","2501",0.150438341658154,1466.1297
"512","2504",0.391589756530089,1415.09808
"513","2511",0.207937686089237,1512.4509
"514","2518",0.0377750859697974,1512.4509
"515","2521",0.228915689274066,1466.1297
"516","2530",0.292675503060398,1512.4509
"517","2543",0.446084472028668,2015.469
"518","2545",0.355516695475302,1461.4371
"519","2561",0.32116532869815,2015.469
"520","2566",0.346696073689365,1865.30931
"521","2572",0.246424360859623,1512.4509
"522","2577",0.151377061345098,1512.4509
"523","2578",0.34482834707945,2015.469
"524","2580",0.292480059712612,1512.4509
"525","2581",0.288101094334847,1512.4509
"526","2582",0.186215264110096,1512.4509
"527","2584",0.112187189495142,1512.4509
"528","2590",0.0348930219506237,1865.30931
"529","2598",0.0107625826844645,1512.4509
"530","2602",0.140572851421156,1512.4509
"531","2605",0.0219192186053618,1512.4509
"532","2616",0.286510167612072,1415.09808
"533","2618",0.27868516373616,1512.4509
"534","2619",0.305046163559027,1865.30931
"535","2624",0.0897693036348556,1512.4509
"536","2632",0.223137685607251,1865.30931
"537","2640",0.382548177042537,1512.4509
"538","2646",0.0318792060835657,1415.09808
"539","2651",0.199789115341665,1865.30931
"540","2660",0.0709364259583518,1415.09808
"541","2661",0.0405873267077361,1466.1297
"542","2668",0.0437203951910365,1415.09808
"543","2670",0.31310653261376,1415.09808
"544","2680",0.540428229532112,1512.4509
"545","2681",0.0162934623812904,1512.4509
"546","2689",0.336511998850199,1512.4509
"547","2694",0.0840643440507825,1512.4509
"548","2695",0.721629976065013,1415.09808
"549","2696",0.525248912500773,1865.30931
"550","2702",0.0556936459198801,1415.09808
"551","2704",0.140513120430477,1466.1297
"552","2708",0.0336579236390998,2015.469
"553","2709",0.0514781455305349,1415.09808
"554","2714",0.402097352584582,1466.1297
"555","2716",0.212170183228865,1512.4509
"556","2723",0.124069354192167,1466.1297
"557","2725",0.249750684978972,1415.09808
"558","2738",0.0370711528057306,1415.09808
"559","2750",0.255014313909868,1865.30931
"560","2756",0.200240415609877,1466.1297
"561","2758",0.0835158841531434,1415.09808
"562","2766",0.256467881379596,1461.4371
"563","2767",0.276658708670716,1415.09808
"564","2771",0.22359474557716,1512.4509
"565","2775",0.299565422817595,1512.4509
"566","2776",0.223416231978719,1865.30931
"567","2779",0.836150912117945,1461.4371
"568","2780",0.245619087116438,1466.1297
"569","2781",0.268438858210603,1461.4371
"570","2782",0.573734021835609,1415.09808
"571","2783",0.187400822330596,1512.4509
"572","2796",0.444771364212533,1512.4509
"573","2798",0.560738198178203,1466.1297
"574","2800",0.145603662547287,1512.4509
"575","2803",0.22584041518306,1415.09808
"576","2806",0.0103087066479056,1512.4509
"577","2813",0.0963115546374659,1461.4371
"578","2818",0.0875827896307278,1461.4371
"579","2821",0.26857033701728,1461.4371
"580","2825",0.375154933188541,1466.1297
"581","2829",0.0395158953355807,1415.09808
"582","2830",0.693224435678263,1512.4509
"583","2833",0.0617166916227058,1865.30931
"584","2839",0.729926277789428,1512.4509
"585","2843",0.0736423725489442,2015.469
"586","2846",0.103953951100798,1512.4509
"587","2847",0.14072906358722,1512.4509
"588","2848",0.123065552908446,1461.4371
"589","2856",0.846733643248968,1512.4509
"590","2863",0.348565112859823,1461.4371
"591","2867",0.267926050029733,1415.09808
"592","2869",0.272074402319522,1415.09808
"593","2873",0.0105649733484978,1512.4509
"594","2874",0.41687050171561,1415.09808
"595","2875",0.407376145180097,1461.4371
"596","2880",0.552241181364796,1466.1297
"597","2886",0.348338155818062,1466.1297
"598","2887",0.287026988110995,1466.1297
"599","2888",0.176046915466648,1512.4509
"600","2889",0.587634850906766,1415.09808
"601","2890",0.452176832013353,1415.09808
"602","2892",0.413974273066864,1512.4509
"603","2901",0.189520843570465,1466.1297
"604","2902",0.338159970164678,1512.4509
"605","2905",0.435003322076777,2015.469
"606","2917",0.249693999482642,1461.4371
"607","2922",0.561601363319834,1865.30931
"608","2924",0.0386415005806258,1461.4371
"609","2930",0.112075572876609,2015.469
"610","2931",0.136237407690715,2015.469
"611","2946",0.0889750112863777,1466.1297
"612","2955",0.343373688598723,1512.4509
"613","2962",0.0222848707998577,1512.4509
"614","2964",0.0256119794283623,1865.30931
"615","2965",0.486078146923316,1466.1297
"616","2967",0.0521053958636733,1512.4509
"617","2970",0.0836297828526353,1512.4509
"618","2973",0.493414664216526,1466.1297
"619","2974",0.368846210957476,2015.469
"620","2976",0.619759793220326,1466.1297
"621","2977",0.265814972315357,1415.09808
"622","2978",0.228539898143388,1512.4509
"623","2986",0.19773081778741,1461.4371
"624","2988",0.240586916911548,1415.09808
"625","2989",0.201819396140187,1415.09808
"626","2995",0.536080072367617,2015.469
"627","3005",0.621093801578669,1466.1297
"628","3011",0.226590695007447,1415.09808
"629","3013",0.177021102796909,1512.4509
"630","3019",0.702008502811209,1466.1297
"631","3021",0.037533306621059,1512.4509
"632","3022",0.399038793275503,1466.1297
"633","3029",0.0628515213866893,1461.4371
"634","3037",0.126081316951406,1415.09808
"635","3042",0.158141117312497,1466.1297
"636","3043",0.143955708085463,2015.469
"637","3049",0.209382284221786,2015.469
"638","3050",0.550691042793521,1466.1297
"639","3053",0.33527525764487,1466.1297
"640","3058",0.114627961163341,1865.30931
"641","3062",0.207554996312526,1512.4509
"642","3063",0.607920252714844,1865.30931
"643","3065",0.0526500840958522,1415.09808
"644","3080",0.159500856559993,1415.09808
"645","3088",0.227577033756123,2015.469
"646","3093",0.327930400054849,1415.09808
"647","3096",0.314867296392807,2015.469
"648","3101",0.23883749478844,1865.30931
"649","3103",0.320580619240598,1512.4509
"650","3107",0.456101106594197,1415.09808
"651","3109",0.104824957847445,2015.469
"652","3111",0.0945465101108848,1466.1297
"653","3113",0.53368695165697,1466.1297
"654","3116",0.0127606150824502,1512.4509
"655","3132",0.141775195331336,1466.1297
"656","3141",0.253435808731806,1415.09808
"657","3153",0.343972063033166,2015.469
"658","3154",0.12068439173748,1512.4509
"659","3160",0.21589497408506,1512.4509
"660","3167",0.0808978699230805,1466.1297
"661","3170",0.510057115763142,1415.09808
"662","3173",0.358226340189259,1415.09808
"663","3174",0.281696274155861,1415.09808
"664","3177",0.164665095419955,1865.30931
"665","3179",0.252869131176001,1512.4509
"666","3184",0.323968693931773,1466.1297
"667","3190",0.319818882242118,2015.469
"668","3193",0.136521380111629,1512.4509
"669","3199",0.231309599143609,1461.4371
"670","3201",0.04790332506667,1461.4371
"671","3202",0.2098501093407,1865.30931
"672","3203",0.620758287525968,1415.09808
"673","3206",0.619617353468153,1512.4509
"674","3209",0.0381629082936479,1415.09808
"675","3210",0.230885387916718,1466.1297
"676","3217",0.324007004158296,1466.1297
"677","3220",0.0899147463916609,1461.4371
"678","3228",0.473481729334759,1512.4509
"679","3232",0.0546754016380883,1512.4509
"680","3239",0.0498978938876621,2015.469
"681","3243",0.275387821499037,1466.1297
"682","3245",0.181177186549823,1865.30931
"683","3246",0.365644448836542,1466.1297
"684","3251",0.100646983998418,1512.4509
"685","3253",0.455894929203333,1512.4509
"686","3257",0.0396103938550279,1461.4371
"687","3260",0.028288284172193,1512.4509
"688","3261",0.363461177554213,1466.1297
"689","3263",0.129622334591339,1461.4371
"690","3278",0.129951000824668,2015.469
"691","3281",0.280354824719428,1512.4509
"692","3283",0.154504418582585,1466.1297
"693","3290",0.0188196355368821,1461.4371
"694","3297",0.44297327070791,1466.1297
"695","3304",0.0896787082628199,1415.09808
"696","3305",0.273450858900454,1466.1297
"697","3307",0.0985306541537025,1461.4371
"698","3308",0.29409782921781,2015.469
"699","3313",0.217082040507128,1415.09808
"700","3314",0.24960698716222,1512.4509
"701","3317",0.209785088395772,1865.30931
"702","3348",0.0532905319353857,1466.1297
"703","3350",0.24690939937455,1461.4371
"704","3359",0.0462917622638792,1415.09808
"705","3367",0.114964224617985,1466.1297
"706","3376",0.182659728462002,1512.4509
"707","3378",0.206004672536712,1865.30931
"708","3384",0.615301511279917,1415.09808
"709","3386",0.14809402577482,1466.1297
"710","3387",0.154026175018942,1466.1297
"711","3388",0.0290959377773895,1461.4371
"712","3390",0.0454619746399189,1461.4371
"713","3391",0.395801688553767,1415.09808
"714","3396",0.44485184387688,1466.1297
"715","3398",0.0490859694956746,1415.09808
"716","3404",0.0874358951965928,1512.4509
"717","3406",0.0393825463637726,2015.469
"718","3407",0.0367026283566803,1466.1297
"719","3414",0.103081815951584,1512.4509
"720","3419",0.194902717287177,1415.09808
"721","3423",0.401987106857737,1415.09808
"722","3427",0.0453075265619177,1466.1297
"723","3432",0.0937077941879013,1512.4509
"724","3434",0.175352969178327,1512.4509
"725","3438",0.148294515182357,1512.4509
"726","3442",0.324490080344505,1466.1297
"727","3443",0.0798621670892521,1512.4509
"728","3448",0.130522357925164,1415.09808
"729","3456",0.0616771938861821,1466.1297
"730","3464",0.158357810021287,1512.4509
"731","3470",0.507749734968427,1461.4371
"732","3475",0.436665854416432,1415.09808
"733","3477",0.487679399197992,1466.1297
"734","3490",0.155190625452692,1415.09808
"735","3493",0.31744984076661,1466.1297
"736","3502",0.522575302851692,1512.4509
"737","3508",0.0252204034672763,1415.09808
"738","3516",0.0566955047397631,1415.09808
"739","3517",0.2719207037087,1461.4371
"740","3525",0.307917378984816,1466.1297
"741","3532",0.41302941664142,1461.4371
"742","3535",0.244109911642259,1415.09808
"743","3536",0.413570136049677,1415.09808
"744","3540",0.100867375395471,1415.09808
"745","3547",0.423272205657181,1865.30931
"746","3550",0.327186505630555,1466.1297
"747","3557",0.535483795056454,1466.1297
"748","3562",0.103974144107836,1865.30931
"749","3563",0.120683828447287,1461.4371
"750","3564",0.447020868014106,1415.09808
"751","3570",0.116616499729989,1466.1297
"752","3573",0.378269374309535,1512.4509
"753","3577",0.407959194364545,1415.09808
"754","3579",0.360619905800619,1415.09808
"755","3581",0.139496660499499,1512.4509
"756","3587",0.259644668789785,1415.09808
"757","3602",0.281665231254246,1415.09808
"758","3609",0.523758594219361,1466.1297
"759","3612",0.294376711692682,1466.1297
"760","3621",0.33058717377141,1415.09808
"761","3642",0.284842483168137,2015.469
"762","3647",0.599168377019399,1415.09808
"763","3649",0.280433565485659,1512.4509
"764","3654",0.504224971584277,1512.4509
"765","3660",0.39997907246148,1466.1297
"766","3665",0.698483672750608,1466.1297
"767","3669",0.368080252836439,1415.09808
"768","3673",0.246523192115744,1865.30931
"769","3675",0.411185163764631,2015.469
"770","3678",0.0313356458104166,1415.09808
"771","3680",0.562218569848795,1415.09808
"772","3686",0.554727211519995,1466.1297
"773","3693",0.389342351521146,1865.30931
"774","3710",0.698102611838132,1466.1297
"775","3713",0.0421159371113579,1415.09808
"776","3718",0.173512284602051,1415.09808
"777","3725",0.0542225295170011,1415.09808
"778","3726",0.302234992129671,1415.09808
"779","3747",0.12223229532754,2015.469
"780","3753",0.0176515278123216,1415.09808
"781","3754",0.28832400729806,1415.09808
"782","3760",0.715804717305766,1865.30931
"783","3763",0.190832572012186,1512.4509
"784","3765",0.31503749476672,1512.4509
"785","3769",0.187243800405967,1466.1297
"786","3771",0.476471900043532,1865.30931
"787","3784",0.155902966111189,1461.4371
"788","3787",0.326802037054774,1512.4509
"789","3794",0.283450959691797,1415.09808
"790","3796",0.0731231204488074,1865.30931
"791","3798",0.155926971164678,1512.4509
"792","3809",0.238735783792736,1512.4509
"793","3812",0.273123312050481,2015.469
"794","3819",0.130548867145123,1865.30931
"795","3828",0.153384687586247,1415.09808
"796","3831",0.199218646030617,1461.4371
"797","3833",0.213663687221044,1512.4509
"798","3837",0.640240697341843,1415.09808
"799","3839",0.599884446087572,1466.1297
"800","3843",0.445432250131001,1415.09808
"801","3846",0.0714194293697905,1865.30931
"802","3854",0.0428448977483962,1466.1297
"803","3861",0.0840588055911396,1415.09808
"804","3864",0.413863735819506,1466.1297
"805","3868",0.18797854825019,1512.4509
"806","3869",0.0671426652983081,1415.09808
"807","3870",0.215508658298381,1512.4509
"808","3883",0.25661914716178,1512.4509
"809","3886",0.0473235660468144,1415.09808
"810","3889",0.362937461306329,1466.1297
"811","3894",0.289563249780207,1865.30931
"812","3907",0.0918187124839816,1415.09808
"813","3910",0.136384549253063,1415.09808
"814","3913",0.0387053909771058,1415.09808
"815","3914",0.24858139829242,1461.4371
"816","3921",0.297016891313142,1466.1297
"817","3923",0.0498172336458734,1512.4509
"818","3929",0.653761587076467,1466.1297
"819","3931",0.524315932711968,1466.1297
"820","3932",0.19802756919346,1461.4371
"821","3937",0.387700367371342,1415.09808
"822","3943",0.336938743683408,1512.4509
"823","3956",0.567937929399669,1512.4509
"824","3957",0.189756105427512,1461.4371
"825","3961",0.548176305808753,1466.1297
"826","3971",0.149042127519378,1461.4371
"827","4004",0.22701237741002,1415.09808
"828","4005",0.0699194594465791,1512.4509
"829","4006",0.0192856299883761,2015.469
"830","4011",0.213142759695463,1512.4509
"831","4013",0.247743924298882,1415.09808
"832","4014",0.142109199047791,1415.09808
"833","4016",0.361980336659139,1512.4509
"834","4017",0.0334306460414499,1415.09808
"835","4020",0.043688333250723,1466.1297
"836","4022",0.17250559354119,2015.469
"837","4026",0.341818975398119,1512.4509
"838","4032",0.199434998245167,2015.469
"839","4043",0.0261044095685537,1415.09808
"840","4045",0.274255760998906,1466.1297
"841","4048",0.212122743321654,1512.4509
"842","4051",0.0890535334192252,1461.4371
"843","4052",0.377352406298982,1461.4371
"844","4056",0.0471496634783935,1461.4371
"845","4059",0.0430478177229907,1512.4509
"846","4069",0.0262287285660046,1415.09808
"847","4074",0.267116307240326,1461.4371
"848","4076",0.284552160942157,2015.469
"849","4077",0.740384237107178,1865.30931
"850","4079",0.620632012463886,1466.1297
"851","4081",0.382837336265702,1415.09808
"852","4088",0.110767741143932,1415.09808
"853","4105",0.369055387393856,1512.4509
"854","4125",0.30796770333035,1466.1297
"855","4134",0.532605077638866,1466.1297
"856","4139",0.0111876244146554,1512.4509
"857","4146",0.0464200273153753,1415.09808
"858","4149",0.135847854608686,1865.30931
"859","4151",0.807185410861871,1415.09808
"860","4155",0.217659081606253,1512.4509
"861","4157",0.158762502396482,1865.30931
"862","4168",0.578724564343814,1415.09808
"863","4170",0.259947792556444,1466.1297
"864","4174",0.160429922806192,1466.1297
"865","4179",0.423879060793141,1461.4371
"866","4185",0.166012784363655,1415.09808
"867","4199",0.636890642154403,1415.09808
"868","4205",0.128784231141345,1415.09808
"869","4208",0.0228466838239801,1415.09808
"870","4211",0.452565089677297,1461.4371
"871","4212",0.119000407392221,1512.4509
"872","4215",0.538893460276567,1865.30931
"873","4217",0.169124687084411,1466.1297
"874","4219",0.780822471460467,1461.4371
"875","4226",0.295894172740342,1415.09808
"876","4227",0.234748617227486,1461.4371
"877","4229",0.0463067437180665,1466.1297
"878","4231",0.107768168366943,1512.4509
"879","4233",0.0214282055980023,1415.09808
"880","4237",0.377886342933853,1461.4371
"881","4243",0.135857503609618,1415.09808
"882","4248",0.11324524109819,1466.1297
"883","4255",0.136585640974686,1415.09808
"884","4262",0.0710054562316129,1512.4509
"885","4266",0.412984519085016,1415.09808
"886","4268",0.318934481297304,1415.09808
"887","4270",0.592498270219473,1415.09808
"888","4273",0.158181969418622,1512.4509
"889","4276",0.188178104670324,2015.469
"890","4277",0.190750164086497,2015.469
"891","4279",0.407111602664053,1466.1297
"892","4299",0.202845282733236,1512.4509
"893","4313",0.0238605361613932,1865.30931
"894","4322",0.0672128768380171,1466.1297
"895","4324",0.134129764251258,1466.1297
"896","4328",0.243244432247115,1415.09808
"897","4331",0.362269474165746,1512.4509
"898","4335",0.0605399617234016,1466.1297
"899","4337",0.179661957610704,1415.09808
"900","4338",0.350540258309921,2015.469
"901","4343",0.0478381821827949,1415.09808
"902","4347",0.252704764265104,1512.4509
"903","4355",0.626832255436948,1415.09808
"904","4357",0.00432481179952703,1865.30931
"905","4359",0.209637942568168,1512.4509
"906","4362",0.095681420764127,1415.09808
"907","4368",0.381853422691781,1415.09808
"908","4374",0.0744651688538857,1865.30931
"909","4375",0.536590638342405,1466.1297
"910","4378",0.305590029981532,1415.09808
"911","4381",0.690026512651808,1415.09808
"912","4387",0.193093631905819,1512.4509
"913","4400",0.0671287646058257,1512.4509
"914","4423",0.229198897745742,1415.09808
"915","4424",0.0268773432091323,1461.4371
"916","4428",0.295715202716737,1461.4371
"917","4433",0.747124532191086,2015.469
"918","4436",0.44213317143564,1461.4371
"919","4437",0.284105688438353,1512.4509
"920","4439",0.280433689210762,1466.1297
"921","4449",0.211712756300701,1415.09808
"922","4456",0.0782029103773869,2015.469
"923","4463",0.132846782585044,1466.1297
"924","4467",0.210217962358069,1512.4509
"925","4468",0.189831984961009,1512.4509
"926","4469",0.156999948003761,1512.4509
"927","4472",0.295188565024013,2015.469
"928","4473",0.0484843324027779,1512.4509
"929","4476",0.669029906069123,1415.09808
"930","4500",0.0787866930789394,1512.4509
"931","4509",0.32120985862784,1512.4509
"932","4513",0.762249056949428,1461.4371
"933","4521",0.0310465056515021,1461.4371
"934","4527",0.528459227548917,1415.09808
"935","4530",0.307545248660844,1415.09808
"936","4532",0.314346987450766,1466.1297
"937","4533",0.108922050681306,1415.09808
"938","4535",0.261903592277828,1461.4371
"939","4536",0.598277248475644,1512.4509
"940","4542",0.366004914067155,1466.1297
"941","4551",0.743433254919302,1461.4371
"942","4554",0.0817583227393808,1466.1297
"943","4555",0.270075466485931,1461.4371
"944","4564",0.395328830417078,1415.09808
"945","4572",0.462455675445213,1461.4371
"946","4573",0.0887279297043031,2015.469
"947","4577",0.215674603314024,1415.09808
"948","4579",0.397392999058808,1466.1297
"949","4583",0.24633387300747,1512.4509
"950","4584",0.408772553193857,1415.09808
"951","4596",0.0496189637407259,1466.1297
"952","4599",0.152473154614993,1461.4371
"953","4607",0.27369824544229,1415.09808
"954","4609",0.299736215298233,1461.4371
"955","4610",0.235156213415479,1512.4509
"956","4616",0.345834497008489,1461.4371
"957","4617",0.350087146508409,1865.30931
"958","4633",0.145116485479252,1415.09808
"959","4638",0.367784710999145,2015.469
"960","4641",0.0721727076946134,1865.30931
"961","4653",0.323375542612352,1461.4371
"962","4655",0.235373927445246,2015.469
"963","4659",0.353177020638064,1415.09808
"964","4669",0.117283072454159,1466.1297
"965","4678",0.0894612262711494,1512.4509
"966","4685",0.436353470084171,1865.30931
"967","4686",0.158738062297957,1461.4371
"968","4691",0.172327081995024,1865.30931
"969","4695",0.247508933046938,1512.4509
"970","4698",0.0910110251649832,1415.09808
"971","4700",0.500388481744022,1461.4371
"972","4711",0.211754231090672,1512.4509
"973","4722",0.0656763655201735,1415.09808
"974","4727",0.413748032008469,1461.4371
"975","4756",0.0203728000322592,1512.4509
"976","4762",0.483845085296801,1512.4509
"977","4763",0.160310808713497,1865.30931
"978","4766",0.157476719023675,1512.4509
"979","4770",0.157106931748664,1512.4509
"980","4784",0.555803837573222,1512.4509
"981","4791",0.0889928016438166,1415.09808
"982","4795",0.156083692071177,1512.4509
"983","4799",0.369670299904472,1415.09808
"984","4802",0.510316706215707,1415.09808
"985","4805",0.783618210334517,1512.4509
"986","4814",0.598214199644426,1466.1297
"987","4816",0.405137898616149,1466.1297
"988","4817",0.115042976400022,1466.1297
"989","4822",0.20715206698588,1512.4509
"990","4827",0.484802769566617,1865.30931
"991","4833",0.158122454198471,2015.469
"992","4836",0.0325135712454212,1512.4509
"993","4842",0.215221695525381,1865.30931
"994","4844",0.0956941096988273,1512.4509
"995","4845",0.423803730323284,1466.1297
"996","4849",0.230149545019839,1415.09808
"997","4850",0.36318430040138,1512.4509
"998","4860",0.0354327152105729,1466.1297
"999","4863",0.202306737045483,1415.09808
"1000","4871",0.144527892144621,1461.4371
"1001","4878",0.262959743670546,1415.09808
"1002","4881",0.351722812038808,1461.4371
"1003","4888",0.448509581969513,1415.09808
"1004","4900",0.0581984873321703,1415.09808
"1005","4906",0.374172254518381,1415.09808
"1006","4909",0.0317194495640837,2015.469
"1007","4916",0.17736034864269,1466.1297
"1008","4918",0.560154516891654,1466.1297
"1009","4926",0.293694483602863,1415.09808
"1010","4928",0.254425927299557,1415.09808
"1011","4941",0.431529583211058,1512.4509
"1012","4946",0.0770464013317276,1415.09808
"1013","4949",0.217731085773405,1512.4509
"1014","4956",0.105938169129616,1512.4509
"1015","4966",0.143535453967711,1512.4509
"1016","4969",0.380191411257806,1415.09808
"1017","4973",0.132780296053677,1865.30931
"1018","4978",0.373978699677781,1461.4371
"1019","4982",0.404910546561528,1415.09808
"1020","4985",0.153278450736203,1512.4509
"1021","4991",0.216442997188968,2015.469
"1022","4998",0.0743832402315797,1512.4509
"1023","5000",0.470975783786528,2015.469
"1024","5004",0.640679426460778,1512.4509
"1025","5005",0.563539883289961,1415.09808
"1026","5011",0.673633412038922,1461.4371
"1027","5016",0.421183514195926,1461.4371
"1028","5018",0.0869759277337869,1512.4509
"1029","5034",0.186192915316894,1461.4371
"1030","5038",0.0911418891544172,1512.4509
"1031","5042",0.143732066405613,1512.4509
"1032","5046",0.0477324998197824,1466.1297
"1033","5051",0.376083202321986,1512.4509
"1034","5054",0.198834180333942,1466.1297
"1035","5057",0.239056099864578,1415.09808
"1036","5062",0.084395341670697,1415.09808
"1037","5063",0.106054730762357,1466.1297
"1038","5065",0.114063643706946,1466.1297
"1039","5066",0.188548046619757,1865.30931
"1040","5076",0.197230717142918,2015.469
"1041","5089",0.218131938850993,1415.09808
"1042","5092",0.386925960494996,1415.09808
"1043","5093",0.473208084477517,1415.09808
"1044","5094",0.0334955768018157,1415.09808
"1045","5098",0.659318126543128,1461.4371
"1046","5102",0.0995039603797129,1512.4509
"1047","5112",0.333940332615127,2015.469
"1048","5117",0.333001380698575,2015.469
"1049","5127",0.678440525534204,1466.1297
"1050","5130",0.245287872334603,2015.469
"1051","5131",0.458654424772229,1415.09808
"1052","5132",0.509471967658657,1865.30931
"1053","5135",0.788546842791996,1512.4509
"1054","5136",0.0362826334944411,1466.1297
"1055","5147",0.366970656910285,1865.30931
"1056","5157",0.134399596469933,1512.4509
"1057","5160",0.119759643180937,1415.09808
"1058","5165",0.0388013056979509,1512.4509
"1059","5166",0.295364232082172,1415.09808
"1060","5172",0.714799327050201,1512.4509
"1061","5173",0.164859952634809,1415.09808
"1062","5179",0.77830344640446,1512.4509
"1063","5184",0.323835877047281,1865.30931
"1064","5187",0.113002014494749,1512.4509
"1065","5191",0.237076926005044,1466.1297
"1066","5193",0.165073021455786,2015.469
"1067","5194",0.126468497025151,2015.469
"1068","5199",0.207563195093005,1512.4509
"1069","5212",0.0792277005671254,1512.4509
"1070","5213",0.54794632479868,1466.1297
"1071","5224",0.179916937528878,1415.09808
"1072","5226",0.162197016413413,1415.09808
"1073","5239",0.369672455466494,1466.1297
"1074","5252",0.68606622339834,1466.1297
"1075","5264",0.0684365319945574,1461.4371
"1076","5266",0.0126097966271792,1415.09808
"1077","5271",0.0232188189298252,1461.4371
"1078","5273",0.02768511105537,1461.4371
"1079","5276",0.592077509764742,1466.1297
"1080","5278",0.0931129672444422,1865.30931
"1081","5281",0.466508635324753,1415.09808
"1082","5283",0.63654284818239,1512.4509
"1083","5291",0.131858684594311,1415.09808
"1084","5294",0.255945549540405,1415.09808
"1085","5296",0.205752236295307,1461.4371
"1086","5297",0.892492362387806,1466.1297
"1087","5313",0.0239328752443577,1466.1297
"1088","5314",0.516414467806222,1466.1297
"1089","5321",0.153263102553819,1415.09808
"1090","5325",0.0404476085158159,1512.4509
"1091","5326",0.188609048750702,1865.30931
"1092","5328",0.0353623043127209,1865.30931
"1093","5334",0.115485445539287,1512.4509
"1094","5338",0.399424671178961,1415.09808
"1095","5344",0.197848990105609,1466.1297
"1096","5348",0.446832838111624,1512.4509
"1097","5352",0.30320071571177,1512.4509
"1098","5353",0.0767012266103699,1415.09808
"1099","5354",0.315052746009179,1415.09808
"1100","5361",0.900513596091371,1512.4509
"1101","5364",0.0791657346378626,1512.4509
"1102","5365",0.102593705666287,1415.09808
"1103","5367",0.387423969281901,1461.4371
"1104","5379",0.363398567343506,1415.09808
"1105","5382",0.168420278538485,2015.469
"1106","5386",0.297829522180268,1415.09808
"1107","5395",0.154662793441918,1865.30931
"1108","5410",0.406856012793585,1865.30931
"1109","5411",0.0706250375283189,1461.4371
"1110","5416",0.265478458676911,1415.09808
"1111","5424",0.71809835737625,1466.1297
"1112","5426",0.312119854237668,2015.469
"1113","5428",0.151994394259753,1461.4371
"1114","5430",0.269165243788218,1415.09808
"1115","5433",0.259188178847531,1415.09808
"1116","5437",0.00341952013391476,1512.4509
"1117","5440",0.173688885123292,1415.09808
"1118","5442",0.780341991660117,1466.1297
"1119","5445",0.540361818013517,1512.4509
"1120","5449",0.313060586840741,1415.09808
"1121","5452",0.382306402243773,1415.09808
"1122","5460",0.732646624377996,1466.1297
"1123","5461",0.0400936838401874,1512.4509
"1124","5465",0.213875068222266,1512.4509
"1125","5467",0.142906941720074,1415.09808
"1126","5471",0.293486844255959,1466.1297
"1127","5474",0.66180222788966,2015.469
"1128","5475",0.0790884590073371,1512.4509
"1129","5480",0.152275131846485,1512.4509
"1130","5481",0.307063669186745,1512.4509
"1131","5484",0.167550989405363,1415.09808
"1132","5494",0.0591054236960038,2015.469
"1133","5495",0.707079934889746,1512.4509
"1134","5497",0.0439570943466388,1415.09808
"1135","5499",0.39523000774131,1466.1297
"1136","5507",0.0440998445898657,2015.469
"1137","5510",0.0806187784284305,1415.09808
"1138","5515",0.263103615833747,1415.09808
"1139","5516",0.0939521861715346,1512.4509
"1140","5517",0.185012923290952,1865.30931
"1141","5524",0.187508990913404,1512.4509
"1142","5530",0.174033298273576,1415.09808
"1143","5534",0.287108086829584,1415.09808
"1144","5543",0.299003743774068,2015.469
"1145","5545",0.491065523170982,1466.1297
"1146","5558",0.124736089526412,1466.1297
"1147","5562",0.204276092381584,2015.469
"1148","5573",0.667522658493513,1865.30931
"1149","5581",0.0715863016384077,1415.09808
"1150","5583",0.501017056734286,1865.30931
"1151","5587",0.453717553109496,1512.4509
"1152","5589",0.850783022681338,1415.09808
"1153","5591",0.075424492967997,1461.4371
"1154","5596",0.252591364205989,1461.4371
"1155","5606",0.624037669884374,1466.1297
"1156","5608",0.246363547694669,1512.4509
"1157","5611",0.100241300722275,1415.09808
"1158","5612",0.20558209729281,1865.30931
"1159","5614",0.287137050917689,1512.4509
"1160","5620",0.0939976547332803,1512.4509
"1161","5623",0.155217821285546,1512.4509
"1162","5624",0.242540151846908,1512.4509
"1163","5626",0.448017275493493,1415.09808
"1164","5633",0.266909789849345,1461.4371
"1165","5635",0.0670795713895737,1415.09808
"1166","5640",0.588624432231491,1466.1297
"1167","5643",0.0808465810252687,1466.1297
"1168","5644",0.271265876710125,1461.4371
"1169","5653",0.217102159684697,1865.30931
"1170","5663",0.0184463280936736,1461.4371
"1171","5664",0.402975584666423,1466.1297
"1172","5667",0.340973450438077,1865.30931
"1173","5671",0.521973735789646,1466.1297
"1174","5673",0.514771124260035,1865.30931
"1175","5676",0.0700046596924182,1466.1297
"1176","5678",0.180129001551737,1466.1297
"1177","5698",0.40885744198559,1512.4509
"1178","5700",0.0438183608135307,1512.4509
"1179","5705",0.175887167029023,1415.09808
"1180","5706",0.624788507911769,1461.4371
"1181","5711",0.0782341941285727,1415.09808
"1182","5712",0.855840665065025,1461.4371
"1183","5716",0.492928760413445,1512.4509
"1184","5719",0.348053432900999,2015.469
"1185","5725",0.860081622488976,1461.4371
"1186","5728",0.126036254831918,1415.09808
"1187","5734",0.120064814957847,1415.09808
"1188","5735",0.0346786896139828,1461.4371
"1189","5743",0.170944447188891,1865.30931
"1190","5754",0.170561827677781,1415.09808
"1191","5755",0.315971540411147,1865.30931
"1192","5756",0.0941647353845858,1461.4371
"1193","5766",0.0783002744266468,1512.4509
"1194","5770",0.491710891135338,1461.4371
"1195","5774",0.358585823330391,1512.4509
"1196","5775",0.0178457631477852,1415.09808
"1197","5776",0.105141173832456,1865.30931
"1198","5778",0.0228312189897895,1415.09808
"1199","5786",0.324767418379742,1461.4371
"1200","5787",0.310849937596603,1512.4509
"1201","5791",0.328715795971963,1512.4509
"1202","5794",0.381337952076435,1466.1297
"1203","5803",0.279583132550721,1415.09808
"1204","5804",0.240184992982823,1512.4509
"1205","5808",0.217818904052579,1415.09808
"1206","5810",0.0277061979094108,1512.4509
"1207","5813",0.4951706251541,1461.4371
"1208","5828",0.17294538166948,1512.4509
"1209","5839",0.175369313213125,1512.4509
"1210","5842",0.540482203373327,1512.4509
"1211","5843",0.0821681458916416,1415.09808
"1212","5844",0.354748524680231,1466.1297
"1213","5847",0.704772484434173,2015.469
"1214","5851",0.0486915076970812,1512.4509
"1215","5854",0.0366917515153237,1461.4371
"1216","5857",0.0639990044072773,1512.4509
"1217","5866",0.380131760916386,1461.4371
"1218","5874",0.277298011744196,1461.4371
"1219","5886",0.062533673432102,1415.09808
"1220","5895",0.0923197234534557,1415.09808
"1221","5897",0.0349172059497911,1415.09808
"1222","5898",0.220797278616321,1415.09808
"1223","5900",0.782370964007189,1415.09808
"1224","5902",0.208689444595703,1512.4509
"1225","5908",0.509175003350155,1415.09808
"1226","5909",0.044028134251594,1512.4509
"1227","5912",0.0487297936692026,1415.09808
"1228","5913",0.174080945067293,1865.30931
"1229","5917",0.313419642971553,1466.1297
"1230","5918",0.601971714719736,1512.4509
"1231","5921",0.085714382167124,1865.30931
"1232","5931",0.229352617242701,1415.09808
"1233","5942",0.316503696387213,1415.09808
"1234","5943",0.822103498009239,1466.1297
"1235","5950",0.094961946617397,1512.4509
"1236","5954",0.0138581917731416,1512.4509
"1237","5983",0.0584534028189547,1512.4509
"1238","5995",0.469530802411281,1461.4371
"1239","6002",0.107334184165923,1466.1297
"1240","6005",0.0489473993057537,1415.09808
"1241","6009",0.290654628692247,1415.09808
"1242","6011",0.00948913995506943,1466.1297
"1243","6012",0.0420457197803226,1512.4509
"1244","6019",0.198951723526341,1415.09808
"1245","6021",0.296554480849159,1466.1297
"1246","6029",0.61867529289148,1415.09808
"1247","6036",0.4604053680921,1512.4509
"1248","6037",0.0195065699335902,1512.4509
"1249","6038",0.0612248057373744,1415.09808
"1250","6043",0.0561724854343643,1466.1297
"1251","6045",0.138076226309584,1865.30931
"1252","6047",0.583592612348543,1415.09808
"1253","6048",0.0521182069074799,1466.1297
"1254","6061",0.350599730914338,2015.469
"1255","6063",0.159805878332287,1461.4371
"1256","6064",0.0694345226778075,1415.09808
"1257","6068",0.609324280586669,1415.09808
"1258","6069",0.0712890523703013,1865.30931
"1259","6070",0.346593345627854,2015.469
"1260","6071",0.118756395356296,1415.09808
"1261","6074",0.395674512890587,1512.4509
"1262","6079",0.342314852448109,1466.1297
"1263","6082",0.11167296740248,1512.4509
"1264","6088",0.826390365451839,1512.4509
"1265","6094",0.255104529047988,1865.30931
"1266","6095",0.321647471802554,1466.1297
"1267","6098",0.411452157286811,1466.1297
"1268","6102",0.0172369384146918,1461.4371
"1269","6105",0.446370323739902,1415.09808
"1270","6113",0.160066473150916,1512.4509
"1271","6116",0.482975461825008,1512.4509
"1272","6120",0.225463749232398,1865.30931
"1273","6121",0.292878373450448,1466.1297
"1274","6126",0.347891117154306,2015.469
"1275","6144",0.180860397923705,1512.4509
"1276","6145",0.0197950967908118,1466.1297
"1277","6153",0.259032552118591,2015.469
"1278","6156",0.115609079790804,1865.30931
"1279","6159",0.247830602224708,1512.4509
"1280","6162",0.0723784223554129,1512.4509
"1281","6184",0.45540693347142,1415.09808
"1282","6188",0.266426239966017,2015.469
"1283","6189",0.281622456906422,1512.4509
"1284","6191",0.386707237006458,1415.09808
"1285","6211",0.574180270367735,1466.1297
"1286","6216",0.144461214981324,1415.09808
"1287","6218",0.50920050772212,1415.09808
"1288","6222",0.277415161365895,1466.1297
"1289","6235",0.269425268541725,1512.4509
"1290","6245",0.213185605494646,1415.09808
"1291","6248",0.414359387087738,1461.4371
"1292","6253",0.306614664346848,1466.1297
"1293","6256",0.00880084822310766,1512.4509
"1294","6257",0.419083193103231,1512.4509
"1295","6259",0.52096056570658,1512.4509
"1296","6266",0.0733022906806085,2015.469
"1297","6268",0.241023844895911,1415.09808
"1298","6275",0.186401321389482,1512.4509
"1299","6280",0.717233321915713,1466.1297
"1300","6283",0.459560011306037,1865.30931
"1301","6288",0.0744072484436253,1466.1297
"1302","6289",0.0623945886770462,1461.4371
"1303","6301",0.034949793467689,1466.1297
"1304","6308",0.297394431869342,2015.469
"1305","6314",0.0253043879186478,1512.4509
"1306","6315",0.092274700927272,1461.4371
"1307","6316",0.803677191778822,1466.1297
"1308","6317",0.307363151540785,1461.4371
"1309","6318",0.117335095085151,1512.4509
"1310","6323",0.647469442839363,1461.4371
"1311","6329",0.644230996710919,1415.09808
"1312","6336",0.251572460719325,1415.09808
"1313","6341",0.736770621118214,1466.1297
"1314","6348",0.165412450118606,1466.1297
"1315","6349",0.0362117005401782,2015.469
"1316","6365",0.125144724823113,1512.4509
"1317","6372",0.213532328352235,1415.09808
"1318","6376",0.0398088472978154,1865.30931
"1319","6378",0.114228498518299,1415.09808
"1320","6379",0.792365560188959,1415.09808
"1321","6382",0.118059259074522,1415.09808
"1322","6383",0.52750829725431,1466.1297
"1323","6389",0.621000361073376,1461.4371
"1324","6390",0.0752578969428458,1512.4509
"1325","6392",0.0329224853191808,1461.4371
"1326","6394",0.570682221427985,1865.30931
"1327","6402",0.127500092195736,1865.30931
"1328","6404",0.188950927306436,1415.09808
"1329","6405",0.0178149919975292,1512.4509
"1330","6406",0.287201325629924,1415.09808
"1331","6409",0.185800703675197,2015.469
"1332","6410",0.0990884646422079,1415.09808
"1333","6411",0.163754722086656,1415.09808
"1334","6421",0.121043560901929,1512.4509
"1335","6428",0.392700465244795,1415.09808
"1336","6429",0.331393174974286,1461.4371
"1337","6432",0.168938465146943,1415.09808
"1338","6436",0.0979707026416422,1512.4509
"1339","6437",0.375694834647004,1415.09808
"1340","6438",0.163187658742466,1461.4371
"1341","6445",0.21184690417846,1512.4509
"1342","6447",0.350412311253679,1415.09808
"1343","6450",0.0480894011167036,1512.4509
"1344","6462",0.311255571414788,1466.1297
"1345","6467",0.639173202936624,2015.469
"1346","6478",0.0665680623578147,1466.1297
"1347","6484",0.13787708489418,2015.469
"1348","6492",0.417504914968219,1466.1297
"1349","6497",0.0681961756923624,1415.09808
"1350","6504",0.174504647381196,1461.4371
"1351","6505",0.292474208449252,1512.4509
"1352","6513",0.373837366677102,1461.4371
"1353","6525",0.371580547943697,1461.4371
"1354","6526",0.470451715296891,2015.469
"1355","6528",0.0962107299610522,1466.1297
"1356","6540",0.0125846723177362,1415.09808
"1357","6542",0.278046713224224,1512.4509
"1358","6544",0.325094572050761,1512.4509
"1359","6548",0.175940150358221,2015.469
"1360","6552",0.186597830147532,2015.469
"1361","6558",0.0242422677827352,1512.4509
"1362","6567",0.142181450902951,1512.4509
"1363","6569",0.606558290386635,1415.09808
"1364","6572",0.0668036133617349,1466.1297
"1365","6577",0.102824222715379,1512.4509
"1366","6581",0.318108247216914,2015.469
"1367","6588",0.599005065890123,1512.4509
"1368","6591",0.503621800544543,1461.4371
"1369","6594",0.292189569219421,2015.469
"1370","6600",0.334325929868058,1415.09808
"1371","6602",0.217927591218492,1466.1297
"1372","6604",0.0634732732823904,1512.4509
"1373","6605",0.122217803575582,1512.4509
"1374","6614",0.158035079623868,1461.4371
"1375","6616",0.229700642971018,1865.30931
"1376","6621",0.487797030529395,1466.1297
"1377","6640",0.332119239421186,1865.30931
"1378","6641",0.349157632978483,1512.4509
"1379","6643",0.105373396108412,1512.4509
"1380","6644",0.236534380857007,1415.09808
"1381","6649",0.603359717016321,1512.4509
"1382","6650",0.518394327983369,1461.4371
"1383","6655",0.617661822012026,1512.4509
"1384","6661",0.0218104444226598,1415.09808
"1385","6672",0.186525147244456,1415.09808
"1386","6677",0.059119920805108,1461.4371
"1387","6688",0.122767852431569,1466.1297
"1388","6689",0.0759377379600516,1415.09808
"1389","6691",0.0491444844745525,1466.1297
"1390","6692",0.454272133596158,1415.09808
"1391","6694",0.416816496420802,1415.09808
"1392","6702",0.528026834080211,1512.4509
"1393","6714",0.0265426361748597,1415.09808
"1394","6716",0.351650089655742,1461.4371
"1395","6724",0.107896158745869,1415.09808
"1396","6725",0.0801675435664792,1461.4371
"1397","6730",0.16196707510652,1512.4509
"1398","6735",0.430965970619524,1466.1297
"1399","6738",0.497281798548567,1512.4509
"1400","6739",0.373516583511579,1512.4509
"1401","6743",0.412632902007073,1466.1297
"1402","6747",0.152228243316545,2015.469
"1403","6750",0.63543317366282,1415.09808
"1404","6751",0.535843881278247,1466.1297
"1405","6753",0.447589466022076,1512.4509
"1406","6754",0.315747242669741,1512.4509
"1407","6755",0.205788810090866,1512.4509
"1408","6762",0.233447094072437,1415.09808
"1409","6764",0.105829868042839,1461.4371
"1410","6772",0.655130558313321,1466.1297
"1411","6774",0.104770531897395,1415.09808
"1412","6787",0.278196873822113,1512.4509
"1413","6789",0.0229848339114122,1461.4371
"1414","6793",0.130508490742184,1865.30931
"1415","6798",0.0102022037350076,1865.30931
"1416","6799",0.027269042593547,1466.1297
"1417","6800",0.126159242728405,1415.09808
"1418","6802",0.0568902242602687,1512.4509
"1419","6808",0.531510906614165,1512.4509
"1420","6809",0.125136026980487,1512.4509
"1421","6812",0.0238907991921642,1512.4509
"1422","6814",0.692382396152961,1461.4371
"1423","6816",0.59463585962484,1512.4509
"1424","6822",0.09428968508086,1512.4509
"1425","6829",0.622819557970993,1512.4509
"1426","6834",0.882275713795632,1466.1297
"1427","6836",0.0463119103876512,1512.4509
"1428","6839",0.129749559524782,1461.4371
"1429","6840",0.482553067626916,1461.4371
"1430","6843",0.0354664816523568,2015.469
"1431","6846",0.505911038109296,1415.09808
"1432","6848",0.0315459971241247,1865.30931
"1433","6852",0.144275793700469,1512.4509
"1434","6856",0.24665205373788,1415.09808
"1435","6860",0.180898964541177,1512.4509
"1436","6866",0.351837931931104,1415.09808
"1437","6870",0.528162206454941,1512.4509
"1438","6878",0.445312427188102,1461.4371
"1439","6880",0.233139200941959,1512.4509
"1440","6885",0.0513946298681625,1466.1297
"1441","6897",0.0784666141357171,1466.1297
"1442","6902",0.669070617484506,1466.1297
"1443","6904",0.634974429840031,1466.1297
"1444","6907",0.0853011725662202,1466.1297
"1445","6909",0.196762190452551,2015.469
"1446","6914",0.369442911963486,1415.09808
"1447","6915",0.424059354505112,2015.469
"1448","6922",0.252983744142908,1466.1297
"1449","6924",0.180774443573204,1466.1297
"1450","6933",0.106792353583349,1415.09808
"1451","6934",0.103344135880594,1466.1297
"1452","6941",0.264230489541451,1415.09808
"1453","6957",0.358439236273624,1512.4509
"1454","6960",0.106051156445091,2015.469
"1455","6969",0.109117090064966,1512.4509
"1456","6975",0.0961500673962652,2015.469
"1457","6980",0.492067487486276,1466.1297
"1458","6983",0.0869605342412861,1461.4371
"1459","6987",0.0374212575582959,1415.09808
"1460","6994",0.0609059904390382,1461.4371
"1461","6997",0.0240380445300791,1512.4509
"1462","7002",0.158720667605432,2015.469
"1463","7010",0.0289791715282239,1865.30931
"1464","7015",0.606121394411543,1415.09808
"1465","7019",0.507453718379784,1512.4509
"1466","7022",0.331764706201684,1461.4371
"1467","7025",0.041502224035497,1415.09808
"1468","7029",0.0789218659805554,1512.4509
"1469","7031",0.154546611080729,1865.30931
"1470","7037",0.318098969249745,1415.09808
"1471","7038",0.197155518438069,1512.4509
"1472","7043",0.173724135604865,1415.09808
"1473","7049",0.0932780632977153,1461.4371
"1474","7052",0.234634300744243,1415.09808
"1475","7053",0.22808365217675,1415.09808
"1476","7056",0.0156197243349375,1512.4509
"1477","7057",0.302113301641173,1415.09808
"1478","7080",0.183976030710192,2015.469
"1479","7086",0.450858591493079,1512.4509
"1480","7087",0.221471210995688,1512.4509
"1481","7105",0.322713803064961,1415.09808
"1482","7108",0.0252953696888866,1512.4509
"1483","7121",0.292092462576593,1461.4371
"1484","7122",0.170092732625695,1415.09808
"1485","7125",0.328038443013159,1415.09808
"1486","7132",0.365721436807428,1466.1297
"1487","7134",0.143555417416975,1415.09808
"1488","7151",0.250790522994381,1461.4371
"1489","7152",0.647279919716749,1466.1297
"1490","7157",0.216380039257744,1512.4509
"1491","7159",0.330684097560065,1512.4509
"1492","7166",0.751111838675733,1415.09808
"1493","7167",0.119338076973987,1415.09808
"1494","7177",0.0446801882556794,1466.1297
"1495","7179",0.584910700362901,1461.4371
"1496","7181",0.471765509082511,2015.469
"1497","7183",0.167997477094883,2015.469
"1498","7186",0.070171406552417,1466.1297
"1499","7193",0.0328705947494957,1512.4509
"1500","7205",0.0486718054099791,1512.4509
"1501","7207",0.0413798142617116,1512.4509
"1502","7209",0.307458788085208,1415.09808
"1503","7216",0.220165438019832,1865.30931
"1504","7232",0.532103208917793,1415.09808
"1505","7235",0.098618442292203,1466.1297
"1506","7238",0.262862350339379,1415.09808
"1507","7240",0.28209097233058,1415.09808
"1508","7243",0.311497173835989,1415.09808
"1509","7252",0.127361235688569,2015.469
"1510","7269",0.112984023049386,1865.30931
"1511","7275",0.0375077750077661,1466.1297
"1512","7281",0.220354829746522,2015.469
"1513","7283",0.05134965099722,1415.09808
"1514","7287",0.181186801632671,2015.469
"1515","7289",0.331941633838811,2015.469
"1516","7291",0.293228134669908,2015.469
"1517","7294",0.0400120282342064,1512.4509
"1518","7304",0.535381419033796,1466.1297
"1519","7308",0.307309298778803,1466.1297
"1520","7313",0.0574527276177388,1466.1297
"1521","7319",0.407851689910483,1415.09808
"1522","7325",0.164431195659907,1512.4509
"1523","7326",0.162404998841748,1512.4509
"1524","7330",0.240452826518424,1415.09808
"1525","7332",0.0207904039885814,1415.09808
"1526","7337",0.302202926926639,1461.4371
"1527","7341",0.179843965932287,1461.4371
"1528","7346",0.381670998727831,1461.4371
"1529","7353",0.480042177292789,1865.30931
"1530","7354",0.512747262416243,1461.4371
"1531","7361",0.349089333111524,1466.1297
"1532","7366",0.437945269376253,1865.30931
"1533","7368",0.0284055594186975,1461.4371
"1534","7372",0.0975478944228565,1512.4509
"1535","7375",0.306649902535379,1415.09808
"1536","7377",0.337760934364851,1415.09808
"1537","7380",0.144384555196021,1415.09808
"1538","7382",0.357111107646461,1466.1297
"1539","7385",0.688984036651101,1415.09808
"1540","7392",0.5479267290891,1461.4371
"1541","7395",0.165647708481518,1512.4509
"1542","7397",0.220291466479213,1415.09808
"1543","7403",0.0736328754630076,1415.09808
"1544","7406",0.238264063322239,1461.4371
"1545","7409",0.617792583503264,1466.1297
"1546","7410",0.43808751321947,1512.4509
"1547","7412",0.0925976757516354,1512.4509
"1548","7419",0.30980383529104,1512.4509
"1549","7425",0.130217113947591,1415.09808
"1550","7435",0.175315419299154,1415.09808
"1551","7438",0.309402516643895,1865.30931
"1552","7440",0.299028112752561,1865.30931
"1553","7447",0.123610893655581,1512.4509
"1554","7449",0.499770174702604,1415.09808
"1555","7456",0.264832811849362,1512.4509
"1556","7464",0.216402718190506,1512.4509
"1557","7478",0.190493045464613,2015.469
"1558","7480",0.0243105421142999,1415.09808
"1559","7481",0.21829011807918,1415.09808
"1560","7483",0.301696890229882,1461.4371
"1561","7484",0.172758723112361,1415.09808
"1562","7491",0.633426328336696,2015.469
"1563","7494",0.287929741344803,1466.1297
"1564","7501",0.544139817062904,1466.1297
"1565","7503",0.738996466715443,1865.30931
"1566","7509",0.171519165726518,1415.09808
"1567","7517",0.186132097899384,1466.1297
"1568","7518",0.0807852606445181,1415.09808
"1569","7519",0.274670248318556,2015.469
"1570","7521",0.293308298293756,1415.09808
"1571","7522",0.384221528926778,1415.09808
"1572","7536",0.0513950397353172,1865.30931
"1573","7539",0.0870642821482043,1512.4509
"1574","7547",0.455377382136705,1512.4509
"1575","7549",0.142389393699657,1512.4509
"1576","7552",0.572099282168191,1512.4509
"1577","7554",0.289510983354569,2015.469
"1578","7556",0.0435110397725213,1466.1297
"1579","7564",0.143133592086128,1415.09808
"1580","7566",0.336113722787523,2015.469
"1581","7570",0.116822008579406,1865.30931
"1582","7571",0.0556094089783038,1466.1297
"1583","7572",0.136829814094304,1415.09808
"1584","7575",0.121662546740038,2015.469
"1585","7586",0.118063619683491,1512.4509
"1586","7589",0.0932253225707224,1512.4509
"1587","7590",0.0454585731544559,1512.4509
"1588","7597",0.299500876440523,1415.09808
"1589","7602",0.0728319899697061,1512.4509
"1590","7604",0.409635291171772,1865.30931
"1591","7605",0.367083715061055,1466.1297
"1592","7612",0.845594856621424,1466.1297
"1593","7615",0.198387562308488,1512.4509
"1594","7617",0.184577100754163,1512.4509
"1595","7624",0.111139782110805,1466.1297
"1596","7632",0.174330263337071,1512.4509
"1597","7639",0.623072036159985,1466.1297
"1598","7642",0.439358699348549,1466.1297
"1599","7643",0.100893886500185,1466.1297
"1600","7649",0.299962615291169,1466.1297
"1601","7650",0.3373154546214,1461.4371
"1602","7653",0.494852786457493,1512.4509
"1603","7654",0.174094039667072,1415.09808
"1604","7657",0.445287105305676,1415.09808
"1605","7662",0.282066578398721,1512.4509
"1606","7669",0.793979703786549,2015.469
"1607","7671",0.0382199028843316,1512.4509
"1608","7675",0.123833585876962,1512.4509
"1609","7678",0.39174557695043,1466.1297
"1610","7682",0.817047705305264,1466.1297
"1611","7688",0.288061114196129,1415.09808
"1612","7689",0.256335273544065,1865.30931
"1613","7690",0.17586380449213,1865.30931
"1614","7692",0.396454112317111,1466.1297
"1615","7699",0.295751058696293,2015.469
"1616","7705",0.466478985669371,1466.1297
"1617","7712",0.0787911759506654,1415.09808
"1618","7726",0.394697765834135,1466.1297
"1619","7728",0.197137940862787,1461.4371
"1620","7735",0.22938451579256,1415.09808
"1621","7737",0.630447503849461,1466.1297
"1622","7739",0.0501091122755451,1415.09808
"1623","7743",0.636845118235954,1415.09808
"1624","7744",0.326339324628069,1415.09808
"1625","7746",0.249484194014785,1512.4509
"1626","7749",0.406054418775066,2015.469
"1627","7750",0.252613936317716,1461.4371
"1628","7752",0.0479748267767085,1461.4371
"1629","7755",0.0965782228630999,1466.1297
"1630","7756",0.825015416572819,1466.1297
"1631","7762",0.108076437008922,1466.1297
"1632","7764",0.524933444382378,1461.4371
"1633","7769",0.109849062451893,1415.09808
"1634","7770",0.391122827592642,1466.1297
"1635","7776",0.316733127043101,1512.4509
"1636","7778",0.336412185691024,1512.4509
"1637","7784",0.430718572952455,1415.09808
"1638","7786",0.163096190533183,1415.09808
"1639","7789",0.163646341715434,1415.09808
"1640","7793",0.20956076180345,1415.09808
"1641","7794",0.117745796503976,1865.30931
"1642","7804",0.234164194648597,1415.09808
"1643","7811",0.388844614187637,1466.1297
"1644","7813",0.139145294234223,1865.30931
"1645","7815",0.290027905477823,1415.09808
"1646","7817",0.0220000961637701,1512.4509
"1647","7818",0.210965466597751,1415.09808
"1648","7821",0.237328109620283,1512.4509
"1649","7825",0.0431857493471616,1466.1297
"1650","7830",0.512761770396932,1461.4371
"1651","7832",0.271389650828066,1466.1297
"1652","7835",0.0158663604048565,1512.4509
"1653","7839",0.18014293108403,1461.4371
"1654","7842",0.117315349246919,1512.4509
"1655","7849",0.619233883465424,1466.1297
"1656","7856",0.313397746934475,2015.469
"1657","7857",0.00927271945827672,1512.4509
"1658","7863",0.129257587665955,1512.4509
"1659","7866",0.259438763973635,1415.09808
"1660","7871",0.134605652582833,1512.4509
"1661","7875",0.278192346618397,1461.4371
"1662","7882",0.789988224011037,1865.30931
"1663","7887",0.540984363433966,1512.4509
"1664","7888",0.494880452129506,1512.4509
"1665","7891",0.809302925935867,1415.09808
"1666","7895",0.0145178401091082,2015.469
"1667","7901",0.497824792838047,1466.1297
"1668","7906",0.331084334595449,1415.09808
"1669","7908",0.754591729901033,1415.09808
"1670","7917",0.190504090111984,1415.09808
"1671","7924",0.459074073945667,1415.09808
"1672","7948",0.182828379094452,2015.469
"1673","7950",0.687402583160873,1466.1297
"1674","7955",0.139632923677091,1466.1297
"1675","7957",0.120496327800357,1466.1297
"1676","7959",0.224182701002578,1466.1297
"1677","7967",0.0933149232702212,1512.4509
"1678","7969",0.0624675227702938,2015.469
"1679","7971",0.181475030663125,1865.30931
"1680","7974",0.344512871007595,1865.30931
"1681","7976",0.141081473746433,1512.4509
"1682","7986",0.727610155254923,1461.4371
"1683","7987",0.445068072424326,1415.09808
"1684","7993",0.238249995290104,1512.4509
"1685","7996",0.229183634092488,1415.09808
"1686","7998",0.266845784085232,1415.09808
"1687","8018",0.117175306758201,1466.1297
"1688","8019",0.456849897049209,1865.30931
"1689","8027",0.0263226569525382,1466.1297
"1690","8036",0.141596773069163,1512.4509
"1691","8040",0.0897352462416655,1461.4371
"1692","8044",0.0895111209910606,2015.469
"1693","8050",0.0710856969267751,1512.4509
"1694","8052",0.606913291070211,2015.469
"1695","8054",0.256660495123964,1415.09808
"1696","8057",0.548761211723859,1461.4371
"1697","8058",0.161571732736203,1415.09808
"1698","8059",0.706487972102343,1512.4509
"1699","8066",0.873793229249231,1461.4371
"1700","8070",0.0430626206882973,2015.469
"1701","8072",0.451068248262939,1461.4371
"1702","8078",0.0437360473497106,1466.1297
"1703","8079",0.0964159810520919,1461.4371
"1704","8080",0.298615890677911,1461.4371
"1705","8081",0.234040552334071,1865.30931
"1706","8088",0.175801975484492,2015.469
"1707","8091",0.509175136660277,1415.09808
"1708","8094",0.350284591865754,1512.4509
"1709","8095",0.767417066006129,1461.4371
"1710","8099",0.173313738259541,1466.1297
"1711","8101",0.323970016698596,1466.1297
"1712","8102",0.00702891011233689,1415.09808
"1713","8116",0.215975121347075,1415.09808
"1714","8125",0.433588023712917,1512.4509
"1715","8134",0.413139589053502,1415.09808
"1716","8139",0.0518346042878177,1512.4509
"1717","8141",0.0467133346675332,2015.469
"1718","8147",0.039101688743167,1466.1297
"1719","8158",0.157531755062216,1415.09808
"1720","8160",0.1265771948295,1466.1297
"1721","8165",0.339160250241967,1466.1297
"1722","8187",0.477156675918827,1466.1297
"1723","8205",0.398144595115578,1466.1297
"1724","8209",0.276967615652647,1865.30931
"1725","8211",0.334243621252062,1415.09808
"1726","8232",0.00600257932737014,1512.4509
"1727","8236",0.11614783346984,1466.1297
"1728","8237",0.376563385660951,1466.1297
"1729","8238",0.657711527421831,1466.1297
"1730","8245",0.410018997499063,1415.09808
"1731","8256",0.358324682587438,1461.4371
"1732","8268",0.109260977707375,1512.4509
"1733","8269",0.0224934886902957,1415.09808
"1734","8270",0.430872109582366,1512.4509
"1735","8286",0.185080384595898,1415.09808
"1736","8289",0.12910138905475,1512.4509
"1737","8301",0.3525994176426,1466.1297
"1738","8305",0.129812608722941,1415.09808
"1739","8310",0.505461110120733,1512.4509
"1740","8312",0.0375474257448564,2015.469
"1741","8318",0.834716807495351,1461.4371
"1742","8321",0.154650432424662,1415.09808
"1743","8328",0.0881195178878027,1415.09808
"1744","8331",0.0512815646610351,1415.09808
"1745","8334",0.223832377187946,1461.4371
"1746","8344",0.274654601672651,1865.30931
"1747","8345",0.0903657432144438,1461.4371
"1748","8352",0.385617417184318,1512.4509
"1749","8358",0.607678792323356,1466.1297
"1750","8359",0.378198885532191,1512.4509
"1751","8360",0.146112096700075,1415.09808
"1752","8365",0.240292084873362,1865.30931
"1753","8366",0.11825404371095,1865.30931
"1754","8369",0.376101754866216,1415.09808
"1755","8373",0.0443772370635157,1415.09808
"1756","8378",0.117871271043048,2015.469
"1757","8392",0.111297765380051,1512.4509
"1758","8397",0.373972325887017,1415.09808
"1759","8399",0.145029173667086,1466.1297
"1760","8400",0.201816287814988,1512.4509
"1761","8405",0.763818347105191,1512.4509
"1762","8406",0.0876817370781411,1415.09808
"1763","8410",0.258994271320041,1512.4509
"1764","8413",0.0598430457825074,1512.4509
"1765","8414",0.586068488555976,1512.4509
"1766","8416",0.834166966162386,1466.1297
"1767","8426",0.0398122587621442,1461.4371
"1768","8434",0.234941665991337,1415.09808
"1769","8439",0.229542281456555,1415.09808
"1770","8440",0.15091176889133,1415.09808
"1771","8475",0.0139716289835676,2015.469
"1772","8480",0.0593144626707473,1461.4371
"1773","8497",0.18999238961954,1415.09808
"1774","8499",0.756148901193953,2015.469
"1775","8500",0.261913170179589,1466.1297
"1776","8501",0.12123196903442,1512.4509
"1777","8502",0.387573080727235,1461.4371
"1778","8518",0.237944351149976,1461.4371
"1779","8520",0.434373693770095,1466.1297
"1780","8523",0.409565500517282,1512.4509
"1781","8525",0.257528931637356,2015.469
"1782","8532",0.179413003970237,2015.469
"1783","8535",0.38477338147053,1512.4509
"1784","8543",0.278266478644117,1415.09808
"1785","8554",0.186040816332326,1466.1297
"1786","8560",0.0731893549722281,1415.09808
"1787","8561",0.261562267802951,2015.469
"1788","8563",0.0520562931799728,1512.4509
"1789","8566",0.749587714855297,1415.09808
"1790","8570",0.253814225458976,1466.1297
"1791","8572",0.0623079246616601,1466.1297
"1792","8582",0.278473847072487,1466.1297
"1793","8583",0.263956303793537,1415.09808
"1794","8587",0.16120929211154,1461.4371
"1795","8592",0.239870682995433,1466.1297
"1796","8593",0.301711865152169,1415.09808
"1797","8607",0.0150193470507164,1461.4371
"1798","8609",0.388373449050226,1512.4509
"1799","8610",0.0253615669084533,1415.09808
"1800","8614",0.434556832931781,1415.09808
"1801","8616",0.388651116873775,1512.4509
"1802","8622",0.140096087964876,1466.1297
"1803","8623",0.149714627799772,1512.4509
"1804","8624",0.375791796910183,1512.4509
"1805","8633",0.176810497332552,1415.09808
"1806","8641",0.291754953423484,1415.09808
"1807","8644",0.536952894856684,1415.09808
"1808","8649",0.601799801112299,1466.1297
"1809","8653",0.262636959802936,1466.1297
"1810","8657",0.105085599341611,2015.469
"1811","8658",0.19606867204706,1415.09808
"1812","8663",0.0750623100055459,1415.09808
"1813","8672",0.639819180862515,1512.4509
"1814","8680",0.387597619173803,1415.09808
"1815","8684",0.3483235641299,1461.4371
"1816","8687",0.16619891697889,1461.4371
"1817","8688",0.142248791808279,1512.4509
"1818","8690",0.129335993273694,1415.09808
"1819","8712",0.308835725227437,1512.4509
"1820","8717",0.293627773140969,1415.09808
"1821","8730",0.163286951850074,1512.4509
"1822","8739",0.167814924656297,1512.4509
"1823","8744",0.0411161318280323,1415.09808
"1824","8747",0.274934303062312,1415.09808
"1825","8748",0.351957671536336,1865.30931
"1826","8751",0.678506924459167,1461.4371
"1827","8758",0.235232228461327,1512.4509
"1828","8761",0.496575453356233,1466.1297
"1829","8763",0.0120327807205496,1512.4509
"1830","8764",0.207326011890624,1461.4371
"1831","8765",0.117824718005198,1461.4371
"1832","8773",0.133129558896281,1415.09808
"1833","8780",0.220117549007415,1512.4509
"1834","8781",0.181646348744794,1415.09808
"1835","8782",0.327948847701317,1466.1297
"1836","8785",0.110052956949343,1865.30931
"1837","8786",0.141381168979538,1512.4509
"1838","8797",0.736184194388419,1461.4371
"1839","8799",0.113566961802553,1415.09808
"1840","8807",0.477367811561504,1466.1297
"1841","8816",0.029849942672961,1415.09808
"1842","8817",0.134602890075787,1512.4509
"1843","8826",0.19737817128317,1466.1297
"1844","8833",0.302629456976429,1865.30931
"1845","8834",0.101473754245774,2015.469
"1846","8835",0.181832854564732,1865.30931
"1847","8840",0.236791653596216,1512.4509
"1848","8843",0.110431548436734,1865.30931
"1849","8849",0.26955775285489,1461.4371
"1850","8855",0.130675859982512,1415.09808
"1851","8861",0.302490553879357,1415.09808
"1852","8862",0.279790696828849,1512.4509
"1853","8865",0.230405707863126,2015.469
"1854","8868",0.0103612410937369,1512.4509
"1855","8870",0.0501320451815127,1512.4509
"1856","8880",0.246865911365289,1415.09808
"1857","8885",0.143577858904533,1512.4509
"1858","8894",0.340557514225045,1512.4509
"1859","8895",0.218621601381235,1466.1297
"1860","8899",0.0302929062279909,1512.4509
"1861","8912",0.423433308986937,1512.4509
"1862","8922",0.0306888966389336,1415.09808
"1863","8924",0.142310115165976,1461.4371
"1864","8928",0.292033593815799,1466.1297
"1865","8932",0.377921364158428,1461.4371
"1866","8943",0.167145670028134,1415.09808
"1867","8945",0.285348087876309,1512.4509
"1868","8946",0.0482916277325649,1415.09808
"1869","8954",0.400655748816376,1865.30931
"1870","8958",0.336817065420785,1415.09808
"1871","8960",0.39674707171196,1461.4371
"1872","8965",0.144436177983432,1461.4371
"1873","8966",0.0540489823790444,1415.09808
"1874","8967",0.0664252064483289,1512.4509
"1875","8969",0.368067979760405,1466.1297
"1876","8980",0.163063873681758,1415.09808
"1877","8984",0.0494159339933333,1512.4509
"1878","8985",0.762917930531532,1512.4509
"1879","8988",0.299623603000186,1466.1297
"1880","8989",0.238230319478691,1466.1297
"1881","8995",0.107768060247711,1415.09808
"1882","9004",0.0802243249736276,1865.30931
"1883","9010",0.0999373592231452,1512.4509
"1884","9012",0.339097646925871,1466.1297
"1885","9018",0.400867195893226,1461.4371
"1886","9036",0.257822712708283,1415.09808
"1887","9037",0.358131702032123,1466.1297
"1888","9040",0.171775849415331,1512.4509
"1889","9041",0.352644753872458,1512.4509
"1890","9044",0.166079318721561,2015.469
"1891","9045",0.158263791410822,1415.09808
"1892","9047",0.343777993171771,1415.09808
"1893","9049",0.0239933739118185,1415.09808
"1894","9061",0.0331409884703533,1512.4509
"1895","9062",0.3643144385248,1865.30931
"1896","9076",0.326639351279337,1461.4371
"1897","9079",0.238129909679231,1512.4509
"1898","9081",0.112825411820161,2015.469
"1899","9082",0.125957792677817,1512.4509
"1900","9089",0.49148453483369,1415.09808
"1901","9092",0.146448853965375,2015.469
"1902","9094",0.245532534273776,2015.469
"1903","9115",0.0283515216268308,1415.09808
"1904","9117",0.183121774947093,1415.09808
"1905","9118",0.160836463437138,1415.09808
"1906","9120",0.0660605489176688,1512.4509
"1907","9124",0.0187112121104515,1466.1297
"1908","9128",0.286960829804929,1512.4509
"1909","9135",0.335304029623226,1512.4509
"1910","9136",0.659338405169806,1415.09808
"1911","9138",0.281585965237068,1415.09808
"1912","9157",0.243692043350308,1415.09808
"1913","9176",0.12637989261876,1512.4509
"1914","9183",0.346757028738158,1865.30931
"1915","9187",0.249019789035177,1415.09808
"1916","9188",0.351980493742026,1461.4371
"1917","9190",0.0741320165909586,1461.4371
"1918","9197",0.0334538162182806,1466.1297
"1919","9200",0.030463744653057,1415.09808
"1920","9201",0.228465230413225,1415.09808
"1921","9203",0.0476558120755443,1512.4509
"1922","9212",0.476364801742918,1415.09808
"1923","9213",0.184187501571232,1512.4509
"1924","9214",0.106450037499066,1415.09808
"1925","9217",0.317924345308419,1415.09808
"1926","9219",0.0160631456461908,1512.4509
"1927","9220",0.260516814253789,1415.09808
"1928","9221",0.343942362838646,1512.4509
"1929","9237",0.0210265112514198,1415.09808
"1930","9240",0.284922404691674,1512.4509
"1931","9241",0.0250662103814911,1512.4509
"1932","9248",0.322263595317757,1512.4509
"1933","9253",0.470511867746528,1512.4509
"1934","9259",0.336160007160383,2015.469
"1935","9267",0.158798321644644,2015.469
"1936","9271",0.335827537124593,1461.4371
"1937","9273",0.205932170092366,1461.4371
"1938","9285",0.0831652188376473,1512.4509
"1939","9290",0.151027664922422,1865.30931
"1940","9291",0.155318210091714,1466.1297
"1941","9293",0.0559058639766936,1461.4371
"1942","9294",0.0938340840939055,1865.30931
"1943","9301",0.145265054019288,1512.4509
"1944","9302",0.0635196503767626,1415.09808
"1945","9312",0.0343327027299396,1461.4371
"1946","9316",0.327558436092153,1415.09808
"1947","9319",0.660416658086842,1461.4371
"1948","9328",0.116660550298689,1865.30931
"1949","9331",0.523674307532878,1461.4371
"1950","9338",0.0627859408656779,1466.1297
"1951","9350",0.199081963026253,1865.30931
"1952","9356",0.123272511669996,1865.30931
"1953","9359",0.434203063337974,1415.09808
"1954","9362",0.289734071246652,1865.30931
"1955","9364",0.21293569879227,1865.30931
"1956","9370",0.298778735043684,1466.1297
"1957","9380",0.0942867748531658,1466.1297
"1958","9386",0.0731642885463484,1415.09808
"1959","9394",0.205616009884597,1461.4371
"1960","9407",0.419958317073777,1466.1297
"1961","9411",0.59943730099109,1461.4371
"1962","9422",0.361134473889721,1865.30931
"1963","9423",0.347145905059932,1461.4371
"1964","9429",0.179044068385768,1415.09808
"1965","9433",0.294113817335813,1512.4509
"1966","9439",0.0720126583042963,1512.4509
"1967","9451",0.376446503287052,1415.09808
"1968","9452",0.39016063948715,1415.09808
"1969","9453",0.0315812974538872,1512.4509
"1970","9460",0.0261110422574393,1512.4509
"1971","9465",0.0499945981564357,1466.1297
"1972","9470",0.0427629672633804,1415.09808
"1973","9476",0.336880890796463,1461.4371
"1974","9485",0.741578753226798,1512.4509
"1975","9486",0.0732278402395804,1466.1297
"1976","9488",0.320331769245854,1466.1297
"1977","9507",0.0168527605574037,1466.1297
"1978","9508",0.603253206221447,1512.4509
"1979","9517",0.282173683137347,1466.1297
"1980","9521",0.127214879806636,1415.09808
"1981","9528",0.166346197702464,1461.4371
"1982","9532",0.364552059368311,1466.1297
"1983","9536",0.152034583656983,2015.469
"1984","9540",0.0438453362784405,1461.4371
"1985","9542",0.253248824940711,1512.4509
"1986","9546",0.398288346690732,1865.30931
"1987","9548",0.175265339433893,1461.4371
"1988","9549",0.0932365187364973,1466.1297
"1989","9554",0.23594948283878,1466.1297
"1990","9555",0.498116874419417,1466.1297
"1991","9558",0.0659391262352522,1512.4509
"1992","9573",0.652370084296966,1415.09808
"1993","9575",0.475836243144512,1512.4509
"1994","9584",0.378470113119914,1865.30931
"1995","9586",0.0939553945423352,1461.4371
"1996","9588",0.0749496991264557,1466.1297
"1997","9591",0.432061510352822,2015.469
"1998","9592",0.697369484396,1415.09808
"1999","9597",0.311720307872457,1466.1297
"2000","9600",0.154397794709867,1512.4509
"2001","9603",0.37242769888087,1415.09808
"2002","9605",0.419265195140352,1415.09808
"2003","9614",0.529776000458508,1461.4371
"2004","9616",0.0196103260430407,1512.4509
"2005","9622",0.420370616740699,1466.1297
"2006","9624",0.157478325079693,1466.1297
"2007","9629",0.622212449206034,1512.4509
"2008","9633",0.071336945858241,1466.1297
"2009","9640",0.201916365412803,1461.4371
"2010","9644",0.380799992118778,1415.09808
"2011","9645",0.515269789286164,1466.1297
"2012","9646",0.285505869709602,1512.4509
"2013","9648",0.77211013016764,1461.4371
"2014","9649",0.0923670636155456,1512.4509
"2015","9660",0.213292906903815,2015.469
"2016","9664",0.425258096504626,1512.4509
"2017","9675",0.150669734231395,1512.4509
"2018","9679",0.706087915923007,1415.09808
"2019","9680",0.295249746891205,2015.469
"2020","9682",0.0877756076459412,1512.4509
"2021","9697",0.0336033918835434,1415.09808
"2022","9701",0.184285049366751,1865.30931
"2023","9704",0.301662243266153,1415.09808
"2024","9705",0.0756979102648109,1461.4371
"2025","9707",0.334592419925191,1415.09808
"2026","9714",0.0854992406848353,1461.4371
"2027","9718",0.176146337630712,1415.09808
"2028","9722",0.238978902396559,1512.4509
"2029","9739",0.282566722663461,1512.4509
"2030","9747",0.759797273439168,1415.09808
"2031","9751",0.119250191514647,1461.4371
"2032","9757",0.118179197057932,1415.09808
"2033","9759",0.0206988148794639,1415.09808
"2034","9760",0.0409125361999561,1461.4371
"2035","9764",0.742874567463423,1512.4509
"2036","9776",0.48267644601446,1415.09808
"2037","9778",0.19625317588694,1415.09808
"2038","9786",0.0456663468574873,1415.09808
"2039","9803",0.336687360945908,1461.4371
"2040","9804",0.129888585293367,1461.4371
"2041","9815",0.190291859030254,1415.09808
"2042","9824",0.0228419354700656,2015.469
"2043","9825",0.310660789736603,1512.4509
"2044","9826",0.281480575976741,2015.469
"2045","9827",0.0200827004605463,1415.09808
"2046","9833",0.17269588998024,1466.1297
"2047","9835",0.129134342573953,1415.09808
"2048","9860",0.227555665363506,1415.09808
"2049","9865",0.225172285572746,2015.469
"2050","9871",0.199170790684523,2015.469
"2051","9874",0.219230879625736,1466.1297
"2052","9880",0.26573450984349,1466.1297
"2053","9882",0.207257436221857,2015.469
"2054","9885",0.09771423483541,1512.4509
"2055","9888",0.492454352056903,1512.4509
"2056","9892",0.0333072530629365,1415.09808
"2057","9893",0.355067985592406,1512.4509
"2058","9896",0.367376273960495,1512.4509
"2059","9902",0.253738993060566,1512.4509
"2060","9906",0.133243871523371,1461.4371
"2061","9910",0.406300030482605,1415.09808
"2062","9914",0.329537244746414,1461.4371
"2063","9918",0.386271215403895,1415.09808
"2064","9920",0.196080580442838,1466.1297
"2065","9926",0.405846066057609,1512.4509
"2066","9931",0.122449664498474,1466.1297
"2067","9935",0.222423253199078,2015.469
"2068","9945",0.637814590902634,1415.09808
"2069","9953",0.0838890291582437,1415.09808
"2070","9957",0.0132164195375697,1512.4509
"2071","9963",0.172687993876949,1865.30931
"2072","9972",0.182027416422998,1415.09808
"2073","9976",0.464106757552405,2015.469
"2074","9979",0.262489952049046,1512.4509
"2075","9980",0.0277589058201163,1865.30931
"2076","9982",0.19951162777624,2015.469
"2077","9991",0.659521879772749,1415.09808
"2078","10000",0.156199746556954,1415.09808
"2079","10003",0.245468302364611,1415.09808
"2080","10005",0.879050739421392,1466.1297
"2081","10014",0.0240288166570749,1415.09808
"2082","10032",0.418830229213215,1512.4509
"2083","10034",0.37268683328655,1466.1297
"2084","10041",0.0221643371143362,1466.1297
"2085","10042",0.029946116628642,1415.09808
"2086","10044",0.0479225494139387,1415.09808
"2087","10045",0.26524718439844,1415.09808
"2088","10054",0.491710564167134,1415.09808
"2089","10061",0.161062584443328,1512.4509
"2090","10062",0.548030319770697,1415.09808
"2091","10073",0.252606554764199,1466.1297
"2092","10081",0.0195351001761977,1415.09808
"2093","10084",0.460084142114189,1415.09808
"2094","10086",0.0968929980841347,2015.469
"2095","10093",0.300640375547508,1466.1297
"2096","10101",0.673280796583186,1415.09808
"2097","10105",0.364883624801742,1865.30931
"2098","10110",0.243038042122281,1415.09808
"2099","10113",0.458550252933656,2015.469
"2100","10115",0.500213440810108,1415.09808
"2101","10119",0.578379753116958,1466.1297
"2102","10121",0.254802557643922,1415.09808
"2103","10124",0.837285770968729,1461.4371
"2104","10126",0.305138529243986,1512.4509
"2105","10127",0.0184858155794485,2015.469
"2106","10145",0.180504447775324,1415.09808
"2107","10147",0.517032075667254,1461.4371
"2108","10148",0.0151443112396724,1466.1297
"2109","10162",0.422250382616682,1512.4509
"2110","10163",0.0388592653707271,1865.30931
"2111","10166",0.870343911353845,1415.09808
"2112","10172",0.133181437711816,1512.4509
"2113","10173",0.343802882615951,1466.1297
"2114","10175",0.021129975127242,1415.09808
"2115","10180",0.0650088571891914,1461.4371
"2116","10186",0.0733320875814229,1466.1297
"2117","10192",0.37928357411833,1415.09808
"2118","10199",0.317605900984866,1512.4509
"2119","10209",0.906194500715945,1466.1297
"2120","10210",0.219077258751477,1415.09808
"2121","10214",0.107676153786375,1512.4509
"2122","10215",0.324442576960166,1512.4509
"2123","10216",0.661084831270839,1415.09808
"2124","10232",0.510416798714986,1512.4509
"2125","10239",0.339116028700095,1512.4509
"2126","10249",0.0335141663958823,1461.4371
"2127","10253",0.532771415551317,1512.4509
"2128","10255",0.111364818739058,2015.469
"2129","10262",0.0337795338578554,1865.30931
"2130","10264",0.0382608190093747,1415.09808
"2131","10266",0.255272279035354,1865.30931
"2132","10268",0.267576948889073,2015.469
"2133","10271",0.0955559181907986,1415.09808
"2134","10272",0.306875926017929,1415.09808
"2135","10276",0.338187388872294,1415.09808
"2136","10277",0.0892890862782049,1512.4509
"2137","10279",0.32085338821424,1461.4371
"2138","10281",0.0484035446068559,1512.4509
"2139","10285",0.00732626099904112,1461.4371
"2140","10294",0.251606526470069,2015.469
"2141","10300",0.113131159430077,1415.09808
